"row.in.file.int","air.temp","soil.temp","wind"
5,11.1,10.1,1.01
6,8.33,9.31,0.715
7,11.3,9.29,0.609
8,11.8,9.68,0.974
9,8.86,9.41,0.777
10,10.6,9.19,1.36
11,11.6,9.77,1.43
12,7.13,9,1.64
13,4.53,9.1,1.44
14,5.06,8.65,1.56
15,3.01,7.94,1.5
16,13,9.52,0.915
17,11.8,10,1.02
18,8.33,9.31,0.715
19,11.3,9.3,0.599
20,11.8,9.68,0.976
21,8.85,9.41,0.778
22,10.6,9.19,1.37
23,11.6,9.78,1.42
24,7.12,9,1.64
25,4.49,9.09,1.44
26,5.06,8.65,1.56
27,3.01,7.94,1.5
28,12.5,9.98,1.04
29,10.2,10.1,0.948
30,8.32,9.3,0.715
31,11.3,9.3,0.595
32,11.8,9.69,0.988
33,8.85,9.41,0.778
34,10.7,9.19,1.37
35,11.6,9.78,1.42
36,7.12,9,1.64
37,4.47,9.09,1.44
38,5.06,8.65,1.56
39,3.01,7.94,1.5
40,12.7,9.33,0.851
41,12,10,1.02
42,8.33,9.31,0.715
43,11.3,9.29,0.604
44,11.8,9.68,0.974
45,8.86,9.41,0.777
46,10.6,9.19,1.37
47,11.6,9.77,1.43
48,7.13,9,1.64
49,4.51,9.09,1.44
50,5.06,8.65,1.56
51,3.01,7.94,1.5
52,12.6,9.94,1.05
53,10.4,10.1,0.895
54,8.32,9.3,0.715
55,11.3,9.3,0.598
56,11.8,9.69,0.988
57,8.84,9.38,0.806
58,10.7,9.19,1.37
59,11.6,9.78,1.42
60,7.11,8.99,1.64
61,4.47,9.09,1.44
62,5.06,8.65,1.56
63,3.01,7.94,1.5
64,11,10.1,0.991
65,8.32,9.3,0.715
66,11.3,9.31,0.597
67,11.8,9.69,1
68,8.83,9.38,0.81
69,10.7,9.2,1.37
70,11.6,9.78,1.42
71,7.1,8.99,1.64
72,4.45,9.09,1.44
73,5.05,8.65,1.55
74,3.01,7.94,1.5
75,13,9.52,0.911
76,11.8,10,1.02
77,8.48,9.28,0.713
78,11.4,9.33,0.587
79,11.4,9.73,0.876
80,8.81,9.37,0.818
81,10.8,9.21,1.39
82,11.5,9.82,1.38
83,7.07,8.98,1.64
84,4.38,9.08,1.42
85,5.05,8.65,1.55
86,2.99,7.95,1.49
87,12.5,9.97,1.05
88,10.4,10.1,0.895
89,8.48,9.28,0.713
90,11.4,9.32,0.588
91,11.4,9.72,0.872
92,8.83,9.38,0.811
93,10.7,9.2,1.37
94,11.6,9.79,1.42
95,7.08,8.99,1.64
96,4.41,9.09,1.43
97,5.05,8.65,1.55
98,3,7.94,1.49
99,12.8,9.43,0.911
100,12,10,1.02
101,8.48,9.28,0.713
102,11.4,9.34,0.593
103,11.4,9.73,0.879
104,8.81,9.37,0.818
105,11,9.29,1.43
106,11.5,9.82,1.38
107,7.06,8.98,1.64
108,4.36,9.08,1.42
109,5.05,8.61,1.56
110,2.99,7.95,1.49
111,13.1,9.61,0.972
112,11.8,10,1.02
113,8.48,9.28,0.713
114,11.4,9.32,0.583
115,11.4,9.72,0.872
116,8.83,9.38,0.811
117,10.8,9.2,1.38
118,11.6,9.79,1.43
119,7.08,8.99,1.64
120,4.41,9.09,1.43
121,5.05,8.65,1.55
122,3,7.94,1.49
123,11.1,10.1,1.02
124,8.48,9.28,0.712
125,11.4,9.34,0.598
126,11.4,9.74,0.879
127,8.8,9.37,0.82
128,11,9.29,1.44
129,11.4,9.82,1.37
130,7.05,8.98,1.65
131,4.49,9.03,1.47
132,5.04,8.62,1.56
133,2.97,7.95,1.49
134,13,9.53,0.921
135,11.9,10,1.03
136,8.47,9.27,0.71
137,11.4,9.36,0.616
138,11.3,9.75,0.848
139,8.78,9.36,0.828
140,11.1,9.31,1.44
141,11.4,9.83,1.36
142,7.22,9.01,1.69
143,4.39,9.01,1.46
144,5.03,8.62,1.56
145,2.96,7.95,1.49
146,12.4,10,1.06
147,10.1,10.1,0.945
148,8.48,9.28,0.712
149,11.4,9.34,0.601
150,11.4,9.74,0.878
151,8.8,9.37,0.822
152,11,9.29,1.44
153,11.4,9.82,1.37
154,7.05,8.98,1.65
155,4.49,9.03,1.47
156,5.04,8.62,1.56
157,2.97,7.95,1.49
158,12.9,9.45,0.893
159,11.9,10,1.03
160,8.1,9.67,0.693
161,9.49,9.13,0.685
162,11.3,9.74,0.861
163,8.79,9.36,0.826
164,11,9.3,1.43
165,11.4,9.83,1.36
166,7.03,8.97,1.65
167,4.43,9.02,1.46
168,5.03,8.62,1.56
169,2.97,7.95,1.49
170,13,9.59,0.968
171,11.9,10,1.03
172,8.47,9.27,0.71
173,11.4,9.37,0.624
174,11.3,9.75,0.84
175,8.78,9.36,0.829
176,11.1,9.31,1.44
177,11.4,9.83,1.36
178,7.22,9.01,1.69
179,4.39,9.01,1.46
180,5.03,8.62,1.56
181,2.96,7.95,1.49
182,10.5,10.1,0.968
183,8.62,9.25,0.694
184,11.6,9.43,0.726
185,11.3,9.76,0.843
186,8.82,9.33,0.871
187,11.1,9.33,1.44
188,11.4,9.84,1.33
189,7.18,9.01,1.7
190,4.32,9,1.44
191,5.02,8.62,1.55
192,3.09,7.93,1.51
193,13,9.57,0.976
194,11.9,10,1.03
195,8.47,9.26,0.709
196,11.6,9.42,0.717
197,11.3,9.75,0.84
198,8.78,9.36,0.829
199,11.1,9.31,1.44
200,11.4,9.83,1.36
201,7.21,9.01,1.69
202,4.37,9.01,1.45
203,5.03,8.62,1.56
204,2.96,7.95,1.49
205,12.5,9.98,1.04
206,9.5,10,0.881
207,8.62,9.25,0.694
208,11.6,9.43,0.726
209,11.3,9.76,0.843
210,8.75,9.35,0.834
211,11.1,9.33,1.44
212,11.4,9.84,1.34
213,7.19,9.01,1.7
214,4.32,9,1.44
215,5.02,8.62,1.55
216,3.09,7.93,1.51
217,12.9,9.47,0.889
218,11.9,10,1.03
219,8.62,9.26,0.694
220,11.6,9.42,0.717
221,11.3,9.75,0.84
222,8.77,9.36,0.83
223,11.1,9.32,1.44
224,11.4,9.84,1.35
225,7.21,9.01,1.69
226,4.37,9.01,1.45
227,5.03,8.62,1.56
228,2.96,7.95,1.49
229,13.1,9.6,0.963
230,11.3,10,0.989
231,8.62,9.26,0.694
232,11.6,9.42,0.72
233,11.3,9.75,0.837
234,8.76,9.36,0.832
235,11.1,9.32,1.44
236,11.4,9.84,1.35
237,7.2,9.01,1.69
238,4.34,9,1.45
239,5.03,8.62,1.56
240,2.96,7.95,1.49
241,13.2,11.3,2.52
242,12.7,12.5,2.38
243,5.14,11.3,1.33
244,11.2,10.6,2.04
245,12.5,12.5,2.06
246,11.9,13.3,1.79
247,4.97,11.4,1.32
248,11.1,10.6,1.18
249,13.8,11.6,1.41
250,13.8,12.5,0.864
251,6.8,11.5,0.841
252,16.8,11.3,1.58
253,19.8,13.3,1.26
254,16.6,14.7,1.87
255,13.1,13.3,0.91
256,12.9,13.6,0.952
257,11.8,12.9,1.93
258,5.11,11.3,1.33
259,11.2,10.7,2.04
260,12.6,12.5,2.04
261,11.9,13.3,1.79
262,4.92,11.3,1.31
263,11.1,10.6,1.18
264,13.8,11.6,1.4
265,13.8,12.5,0.855
266,7.27,11.4,0.899
267,16.9,11.4,1.58
268,19.8,13.3,1.24
269,16.6,14.7,1.87
270,13.1,13.3,0.91
271,12.9,13.6,0.94
272,12.6,12.7,2.31
273,5.11,11.3,1.33
274,11.2,10.7,2.04
275,12.6,12.5,2.04
276,11.9,13.3,1.79
277,4.92,11.3,1.31
278,11.2,10.6,1.19
279,13.8,11.6,1.4
280,13.8,12.5,0.855
281,7.27,11.4,0.899
282,16.9,11.4,1.58
283,19.8,13.3,1.24
284,16.5,14.7,1.89
285,13.1,13.3,0.908
286,12.9,13.6,0.94
287,12.1,12.9,2.05
288,5.14,11.3,1.33
289,11.2,10.6,2.04
290,12.5,12.5,2.04
291,11.9,13.3,1.79
292,4.95,11.3,1.32
293,11.1,10.6,1.18
294,13.8,11.6,1.4
295,13.8,12.5,0.864
296,7.29,11.4,0.896
297,16.8,11.3,1.58
298,19.8,13.3,1.26
299,16.6,14.7,1.87
300,13.1,13.3,0.91
301,12.9,13.6,0.952
302,12.3,12.8,2.2
303,5.09,11.3,1.33
304,11.5,11,2.03
305,12.6,12.5,2.04
306,11.9,13.3,1.76
307,4.9,11.3,1.31
308,11.2,10.6,1.19
309,13.8,11.6,1.38
310,13.5,12.6,0.696
311,7.27,11.4,0.899
312,16.9,11.4,1.58
313,19.8,13.3,1.24
314,16.5,14.7,1.89
315,13.1,13.3,0.908
316,12.9,13.6,0.94
317,13.2,11.3,2.51
318,12.7,12.6,2.37
319,5.04,11.3,1.32
320,11.5,11,2.01
321,12.6,12.5,2.04
322,11.9,13.3,1.76
323,4.9,11.3,1.31
324,11.2,10.6,1.2
325,13.8,11.6,1.35
326,13.5,12.6,0.696
327,7.25,11.4,0.902
328,16.9,11.4,1.58
329,19.8,13.3,1.22
330,16.4,14.7,1.91
331,13.1,13.3,0.908
332,12.9,13.6,0.935
333,11.7,12.9,1.9
334,4.98,11.3,1.32
335,11.6,11.1,1.98
336,12.6,12.6,2.05
337,11.8,13.3,1.76
338,4.83,11.3,1.32
339,11.3,10.6,1.21
340,13.8,11.7,1.34
341,13.5,12.6,0.651
342,7.21,11.4,0.906
343,17,11.4,1.59
344,19.9,13.4,1.22
345,16.3,14.7,1.94
346,13.1,13.3,0.908
347,12.9,13.6,0.919
348,12.5,12.7,2.27
349,5,11.3,1.32
350,11.6,11,2
351,12.6,12.5,2.05
352,11.9,13.3,1.75
353,4.86,11.3,1.31
354,11.3,10.6,1.22
355,13.8,11.7,1.35
356,13.5,12.6,0.677
357,7.23,11.4,0.904
358,17,11.4,1.58
359,19.9,13.4,1.22
360,16.4,14.7,1.92
361,13.1,13.3,0.909
362,12.9,13.6,0.93
363,11.5,12.8,1.78
364,4.6,11.2,1.33
365,11.6,11.1,1.98
366,12.6,12.6,2.04
367,11.8,13.3,1.76
368,4.81,11.3,1.32
369,11.3,10.6,1.21
370,13.8,11.7,1.32
371,13.5,12.6,0.651
372,7.19,11.4,0.908
373,17.1,11.5,1.59
374,19.9,13.4,1.22
375,16.3,14.7,1.97
376,13.1,13.3,0.908
377,12.9,13.6,0.919
378,12.4,12.8,2.25
379,5,11.3,1.32
380,11.6,11,1.98
381,12.6,12.5,2.05
382,11.8,13.3,1.75
383,4.86,11.3,1.31
384,11.3,10.6,1.22
385,13.8,11.7,1.35
386,13.5,12.6,0.657
387,7.23,11.4,0.904
388,17,11.4,1.58
389,19.9,13.4,1.22
390,16.4,14.7,1.92
391,13.1,13.3,0.909
392,13.2,13.6,0.955
393,13.2,11.5,2.55
394,12.7,12.6,2.34
395,4.91,11.2,1.32
396,11.6,11.1,1.97
397,12.6,12.6,2.04
398,11.8,13.3,1.76
399,4.79,11.3,1.32
400,11.4,10.6,1.22
401,13.8,11.6,1.41
402,13.5,12.6,0.64
403,7.23,11.4,0.904
404,17.1,11.5,1.6
405,19.9,13.4,1.22
406,16.2,14.7,1.99
407,13.1,13.3,0.91
408,13.2,13.6,0.92
409,11.6,12.9,1.96
410,4.85,11.2,1.32
411,11.7,11.1,1.97
412,12.7,12.8,1.95
413,11.8,13.3,1.76
414,4.72,11.3,1.31
415,11.5,10.6,1.22
416,13.8,11.8,1.31
417,13.5,12.6,0.617
418,7.17,11.4,0.91
419,17.3,11.5,1.6
420,19.9,13.5,1.21
421,16,14.8,2.03
422,13.1,13.3,0.908
423,13.2,13.6,0.906
424,12.5,12.7,2.25
425,4.91,11.2,1.32
426,11.6,11.1,1.97
427,12.6,12.6,2.04
428,11.8,13.3,1.76
429,4.79,11.3,1.32
430,11.4,10.6,1.22
431,13.8,11.6,1.41
432,13.5,12.6,0.64
433,7.21,11.4,0.906
434,17.1,11.5,1.6
435,19.9,13.4,1.22
436,16.1,14.8,2.01
437,13.1,13.3,0.91
438,12.9,13.6,0.893
439,12,12.9,2.02
440,4.85,11.2,1.32
441,11.6,11.1,1.98
442,12.7,12.8,1.95
443,11.8,13.3,1.76
444,4.74,11.3,1.31
445,11.5,10.6,1.22
446,13.8,11.8,1.32
447,13.5,12.6,0.629
448,7.19,11.4,0.908
449,17.3,11.5,1.6
450,19.9,13.4,1.22
451,16,14.8,2.03
452,13.1,13.3,0.908
453,12.9,13.6,0.888
454,12.4,12.8,2.25
455,4.83,11.2,1.32
456,11.7,11.2,1.98
457,12.7,12.8,1.95
458,11.8,13.3,1.76
459,4.72,11.3,1.31
460,11.5,10.6,1.22
461,13.8,11.8,1.31
462,13.5,12.6,0.605
463,7.17,11.4,0.91
464,17.3,11.6,1.6
465,19.9,13.5,1.21
466,16,14.8,2.03
467,13.1,13.3,0.908
468,13.2,13.6,0.906
469,13.3,11.5,2.55
470,12.6,12.7,2.33
471,5.29,11.2,1.37
472,11.7,11.2,1.99
473,12.7,12.8,1.95
474,11.7,13.3,1.79
475,4.98,11.2,1.29
476,11.6,10.7,1.23
477,13.8,11.9,1.27
478,13.5,12.7,0.602
479,7.1,11.4,0.918
480,17.5,11.6,1.57
481,19.9,13.4,1.22
482,15.9,14.8,2.07
483,13,13.4,1.01
484,12.9,13.5,0.862
485,11.5,12.9,1.96
486,5.25,11.2,1.37
487,11.7,11.2,1.98
488,12.7,12.8,1.96
489,11.7,13.3,1.77
490,4.7,11.3,1.3
491,11.5,10.6,1.22
492,13.8,11.8,1.28
493,13.5,12.6,0.605
494,7.17,11.4,0.91
495,17.3,11.6,1.59
496,20,13.5,1.2
497,16,14.8,2.03
498,13.1,13.3,0.909
499,12.9,13.5,0.872
500,13.4,12.5,1.67
501,12.4,12.8,2.25
502,5.27,11.2,1.37
503,11.7,11.2,1.99
504,12.7,12.8,1.95
505,11.7,13.3,1.79
506,4.64,11.2,1.3
507,11.6,10.7,1.23
508,13.8,11.9,1.28
509,13.5,12.7,0.602
510,7.13,11.4,0.915
511,17.4,11.6,1.59
512,19.9,13.4,1.22
513,15.9,14.8,2.07
514,13,13.4,1
515,12.9,13.5,0.867
516,11.8,12.9,2.01
517,6.15,12.1,1.28
518,5.7,10.7,1.55
519,12.7,12.8,1.95
520,11.7,13.3,1.77
521,4.7,11.3,1.3
522,11.5,10.6,1.22
523,13.8,11.8,1.28
524,13.5,12.7,0.604
525,7.15,11.4,0.912
526,17.3,11.6,1.59
527,19.9,13.5,1.21
528,16,14.8,2.03
529,13.1,13.3,0.909
530,12.9,13.5,0.872
531,12.3,12.8,2.22
532,5.25,11.2,1.37
533,11.7,11.2,1.98
534,12.7,12.8,1.95
535,11.7,13.3,1.77
536,4.7,11.3,1.3
537,11.5,10.6,1.22
538,13.8,11.9,1.28
539,13.5,12.7,0.604
540,7.15,11.4,0.912
541,17.3,11.6,1.59
542,19.9,13.5,1.21
543,16,14.8,2.05
544,13,13.4,1
545,13.2,13.6,0.901
546,15.6,8.64,1.79
547,18.2,9.8,2.29
548,17.6,10.4,2.81
549,11.4,9.43,1.3
550,16,9.46,3.38
551,16.8,10.5,5.24
552,15.3,10.8,4.73
553,6.97,9.76,3.77
554,2.47,8.71,4.22
555,1.57,7.43,4.13
556,6.04,7.58,6.14
557,1,6.75,5.45
558,5.06,6.59,7
559,1.43,5.82,3.91
560,2.76,5.67,3.29
561,17.1,9.06,1.91
562,18.5,10.1,2.35
563,17.6,10.4,2.81
564,11.4,9.43,1.3
565,15.6,9.24,2.67
566,16.9,10.3,5.4
567,15.5,10.8,4.76
568,6.97,9.76,3.77
569,2.47,8.72,4.23
570,1.57,7.43,4.13
571,6.04,7.58,6.14
572,0.734,6.84,5.21
573,4.79,6.42,7.14
574,1.43,5.82,3.91
575,2.78,5.68,3.31
576,15.9,8.69,1.8
577,18.2,9.8,2.29
578,17.6,10.4,2.82
579,11.4,9.42,1.28
580,16,9.46,3.38
581,16.8,10.5,5.24
582,15.3,10.8,4.73
583,6.97,9.76,3.77
584,2.47,8.71,4.22
585,1.57,7.43,4.13
586,6.04,7.58,6.14
587,0.969,6.75,5.46
588,5.08,6.6,6.96
589,1.43,5.82,3.91
590,2.74,5.67,3.28
591,17.3,9.11,1.9
592,18.4,10,2.36
593,17.6,10.4,2.82
594,11.4,9.42,1.28
595,16.1,9.48,3.43
596,16.8,10.5,5.24
597,15.3,10.8,4.73
598,6.97,9.76,3.77
599,2.47,8.71,4.22
600,1.57,7.43,4.13
601,6.09,7.6,6.14
602,0.969,6.75,5.46
603,5.08,6.6,6.96
604,1.41,5.82,3.9
605,2.74,5.67,3.28
606,18,9.51,2.15
607,18.5,10.2,2.4
608,12.1,9.54,1.49
609,16,9.46,3.38
610,16.9,10.4,5.43
611,15.4,10.8,4.75
612,6.97,9.76,3.77
613,2.47,8.71,4.22
614,1.57,7.43,4.13
615,6.04,7.58,6.14
616,1,6.75,5.45
617,5.08,6.6,6.96
618,1.43,5.82,3.91
619,2.76,5.67,3.29
620,15.6,8.64,1.79
621,18.2,9.8,2.29
622,17.5,10.4,2.86
623,11.4,9.42,1.28
624,16.1,9.48,3.43
625,16.9,10.4,5.43
626,15.4,10.8,4.75
627,6.92,9.75,3.77
628,2.47,8.7,4.2
629,1.57,7.43,4.13
630,6.09,7.6,6.14
631,0.969,6.75,5.46
632,5.08,6.62,6.91
633,1.39,5.81,3.89
634,2.74,5.67,3.28
635,17.2,9.09,1.91
636,18.4,10,2.35
637,17.5,10.4,2.84
638,11.4,9.42,1.28
639,16.1,9.48,3.43
640,16.8,10.5,5.24
641,15.3,10.8,4.73
642,6.92,9.75,3.77
643,2.47,8.71,4.22
644,1.57,7.43,4.13
645,6.09,7.6,6.14
646,0.969,6.75,5.46
647,5.08,6.6,6.96
648,1.41,5.82,3.9
649,2.74,5.67,3.28
650,15.7,8.66,1.79
651,18.2,9.77,2.27
652,17.5,10.4,2.86
653,11.4,9.41,1.27
654,16.1,9.5,3.49
655,16.8,10.5,5.24
656,15.2,10.8,4.73
657,6.92,9.75,3.77
658,2.47,8.7,4.2
659,1.56,7.42,4.13
660,6.13,7.62,6.14
661,0.935,6.74,5.46
662,5.09,6.64,6.86
663,1.37,5.81,3.88
664,2.72,5.67,3.26
665,17.3,9.11,1.9
666,18.5,10.1,2.35
667,17.5,10.4,2.84
668,11.4,9.42,1.28
669,16.1,9.48,3.43
670,16.8,10.5,5.24
671,15.3,10.8,4.73
672,6.92,9.75,3.77
673,2.47,8.7,4.2
674,1.57,7.43,4.13
675,6.09,7.6,6.14
676,0.969,6.75,5.46
677,5.08,6.62,6.91
678,1.41,5.82,3.9
679,2.74,5.67,3.28
680,17.9,9.48,2.13
681,18.5,10.2,2.4
682,16.9,10.4,3.1
683,11.4,9.41,1.27
684,16.1,9.5,3.49
685,16.8,10.5,5.24
686,15.2,10.8,4.73
687,6.92,9.75,3.77
688,2.47,8.7,4.2
689,1.56,7.42,4.13
690,6.13,7.62,6.14
691,0.935,6.74,5.46
692,5.1,6.65,6.82
693,1.37,5.81,3.88
694,2.72,5.67,3.26
695,15.7,8.66,1.79
696,18.2,9.75,2.25
697,17.6,10.4,2.79
698,11.4,9.49,1.3
699,15.4,9.16,2.59
700,16.9,10.3,5.37
701,15.4,10.8,4.76
702,7.12,9.78,3.78
703,2.47,8.71,4.22
704,1.57,7.43,4.13
705,6.21,7.65,6.15
706,0.901,6.73,5.46
707,5.11,6.67,6.79
708,1.35,5.8,3.86
709,2.7,5.66,3.24
710,16.9,9.01,1.93
711,18.5,10.1,2.36
712,11.2,9.47,1.25
713,15.6,9.22,2.65
714,16.9,10.3,5.4
715,15.4,10.8,4.76
716,7.07,9.78,3.78
717,2.47,8.7,4.2
718,1.56,7.42,4.13
719,6.24,7.67,6.17
720,1.02,6.7,5.57
721,5.01,6.76,6.59
722,1.31,5.79,3.84
723,2.66,5.66,3.2
724,15.7,8.66,1.79
725,18.2,9.8,2.29
726,17.6,10.4,2.79
727,11.4,9.49,1.3
728,15.5,9.18,2.62
729,16.9,10.3,5.37
730,15.5,10.8,4.76
731,7.12,9.78,3.78
732,2.47,8.71,4.22
733,1.57,7.43,4.13
734,6.21,7.65,6.15
735,0.901,6.73,5.46
736,5.11,6.67,6.79
737,1.35,5.8,3.86
738,2.7,5.66,3.24
739,17.4,9.16,1.9
740,18.5,10.1,2.35
741,18.1,10.3,2.53
742,11.6,9.52,1.37
743,15.3,9.14,2.55
744,16.9,10.3,5.33
745,15.5,10.8,4.75
746,7.12,9.78,3.78
747,2.47,8.72,4.23
748,1.57,7.43,4.13
749,6.21,7.65,6.15
750,0.935,6.74,5.46
751,5.1,6.65,6.82
752,1.37,5.81,3.88
753,2.72,5.67,3.26
754,17.8,9.43,2.09
755,18.5,10.2,2.4
756,17.7,10.4,2.77
757,11.4,9.49,1.3
758,15.4,9.16,2.59
759,16.9,10.3,5.28
760,15.6,10.8,4.74
761,7.12,9.78,3.78
762,2.47,8.72,4.23
763,1.57,7.43,4.13
764,6.21,7.65,6.15
765,0.935,6.74,5.46
766,5.1,6.65,6.82
767,1.37,5.81,3.88
768,2.72,5.67,3.26
769,14.6,8.42,1.83
770,18.1,9.72,2.23
771,17.6,10.4,2.79
772,11.3,9.48,1.27
773,15.8,9.39,3.27
774,16.9,10.4,5.42
775,15.4,10.8,4.75
776,7.07,9.78,3.78
777,2.47,8.71,4.22
778,1.57,7.43,4.13
779,6.24,7.67,6.17
780,0.868,6.72,5.47
781,5.11,6.67,6.79
782,1.35,5.8,3.86
783,2.68,5.66,3.22
784,16.9,9.01,1.93
785,18.5,10.1,2.36
786,17.6,10.4,2.79
787,11.3,9.48,1.27
788,15.5,9.2,2.64
789,16.9,10.3,5.37
790,15.4,10.8,4.76
791,7.07,9.78,3.78
792,2.47,8.7,4.2
793,1.57,7.43,4.13
794,6.24,7.67,6.17
795,0.868,6.72,5.47
796,5.11,6.67,6.79
797,1.33,5.79,3.85
798,2.66,5.66,3.2
799,14.7,8.44,1.84
800,18.1,9.72,2.23
801,17.6,10.4,2.79
802,11.3,9.48,1.28
803,15.5,9.2,2.64
804,16.9,10.3,5.4
805,15.4,10.8,4.76
806,7.12,9.78,3.78
807,2.47,8.71,4.22
808,1.57,7.43,4.13
809,6.24,7.67,6.17
810,0.868,6.72,5.47
811,5.11,6.67,6.79
812,1.35,5.8,3.86
813,2.48,5.63,3.09
814,17.5,9.19,1.92
815,18.5,10.1,2.36
816,18.1,10.3,2.55
817,11.7,9.54,1.39
818,15.5,9.18,2.62
819,16.9,10.3,5.4
820,15.4,10.8,4.76
821,7.12,9.78,3.78
822,2.47,8.71,4.22
823,1.57,7.43,4.13
824,6.21,7.65,6.15
825,0.901,6.73,5.46
826,5.11,6.67,6.79
827,1.35,5.8,3.86
828,2.7,5.66,3.24
829,17.9,9.46,2.11
830,18.5,10.1,2.38
831,17.6,10.4,2.81
832,11.3,9.48,1.27
833,15.5,9.2,2.64
834,16.9,10.4,5.42
835,15.4,10.8,4.76
836,7.07,9.78,3.78
837,2.47,8.7,4.2
838,1.57,7.43,4.13
839,6.24,7.67,6.17
840,0.834,6.71,5.47
841,5.12,6.68,6.76
842,1.33,5.79,3.85
843,2.66,5.66,3.2
844,18.4,12.9,3.63
845,19.6,13.8,4.62
846,17.3,13.6,3.71
847,12.3,11.9,2.78
848,19.8,12.9,2.78
849,21,14.1,2.69
850,20.3,14.4,2.28
851,17.6,14,1.48
852,12.2,12.2,1.33
853,18.2,12.6,2.41
854,20.4,14.2,2.07
855,20.4,14.6,1.11
856,18.2,14.3,0.925
857,11.6,12.3,0.793
858,21,13,3.26
859,21.9,13.9,4.49
860,20.9,14.3,4.45
861,18.4,14.1,1.21
862,13.4,12.4,2.11
863,17.8,13.9,2.69
864,18.1,14.9,3.29
865,10.2,12.5,1.04
866,18.9,13.4,2.09
867,19.1,14.7,2.52
868,14.6,13.3,1.35
869,21.1,14.6,2.9
870,20.2,15.5,3.24
871,13.7,13.5,1.53
872,12.7,13.1,2.09
873,19.4,13.2,4.11
874,19.6,13.8,4.59
875,17.3,13.6,3.71
876,12.3,11.9,2.78
877,19.8,12.9,2.78
878,21,14.1,2.69
879,20.3,14.4,2.28
880,17.6,14,1.48
881,12.2,12.2,1.33
882,18.2,12.6,2.41
883,20.4,14.2,2.07
884,20.4,14.6,1.11
885,18.3,14.4,0.884
886,11.6,12.3,0.794
887,21,13,3.26
888,21.9,13.9,4.49
889,21,14.3,4.47
890,18.5,14.1,1.33
891,13.4,12.4,2.1
892,17.8,13.9,2.69
893,18.1,14.9,3.29
894,10.2,12.5,1.04
895,18.9,13.4,2.09
896,19.1,14.7,2.53
897,14.6,13.3,1.35
898,21.1,14.6,2.9
899,20.2,15.5,3.24
900,13.7,13.5,1.53
901,12.7,13.1,2.09
902,19.6,13.9,4.69
903,12.9,12.1,2.87
904,19.8,13,2.79
905,21.1,14.3,2.71
906,20.2,14.4,2.26
907,17.6,14,1.48
908,12.1,12.2,1.32
909,18.2,12.6,2.41
910,20.4,14.2,2.07
911,20.4,14.6,1.11
912,18,14.3,0.963
913,11.5,12.3,0.793
914,21,13,3.27
915,21.9,13.9,4.49
916,20.9,14.3,4.45
917,18.4,14.1,1.21
918,13.4,12.4,2.11
919,17.8,13.9,2.69
920,18.1,14.9,3.32
921,10.6,12.5,1.11
922,19,13.5,2.08
923,19.1,14.7,2.51
924,14.6,13.3,1.35
925,21.1,14.6,2.89
926,20.2,15.5,3.24
927,13.7,13.4,1.53
928,12.7,13.1,2.08
929,19.7,13.3,4.02
930,19.6,13.8,4.62
931,17.2,13.6,3.69
932,12.3,11.9,2.78
933,19.8,13,2.79
934,21.1,14.3,2.71
935,20.2,14.4,2.26
936,17.6,14,1.48
937,12.1,12.2,1.32
938,18.2,12.6,2.41
939,20.5,14.2,2.08
940,20.4,14.6,1.09
941,18,14.3,0.963
942,11.5,12.3,0.793
943,21,13,3.27
944,21.9,13.9,4.49
945,20.9,14.3,4.45
946,18.4,14,1.1
947,13.3,12.4,2.13
948,17.8,13.9,2.69
949,18.1,14.9,3.32
950,10.5,12.5,1.1
951,19,13.5,2.08
952,19.1,14.7,2.51
953,14.6,13.3,1.35
954,21.1,14.6,2.89
955,20.2,15.5,3.24
956,13.7,13.4,1.53
957,12.7,13.1,2.08
958,20.2,13.5,4.11
959,19.6,13.8,4.62
960,17.2,13.6,3.69
961,12.3,11.9,2.78
962,19.8,12.9,2.78
963,21,14.3,2.71
964,20.3,14.4,2.28
965,17.6,14,1.48
966,12.2,12.2,1.33
967,18.2,12.6,2.41
968,20.4,14.2,2.07
969,20.4,14.6,1.11
970,18,14.3,0.963
971,11.6,12.3,0.793
972,21,13,3.26
973,21.9,13.9,4.49
974,20.9,14.3,4.45
975,18.4,14.1,1.21
976,13.4,12.4,2.11
977,17.8,13.9,2.69
978,18.1,14.9,3.32
979,10.6,12.5,1.11
980,18.9,13.4,2.09
981,19.1,14.7,2.52
982,14.6,13.3,1.35
983,21.1,14.6,2.89
984,20.2,15.5,3.24
985,13.7,13.5,1.53
986,12.7,13.1,2.08
987,18.4,12.9,3.63
988,19.6,13.9,4.65
989,17.2,13.6,3.67
990,12.3,11.9,2.78
991,19.8,13,2.79
992,21.1,14.3,2.7
993,20.2,14.4,2.23
994,17.5,13.9,1.49
995,12.1,12.2,1.31
996,18.2,12.7,2.44
997,20.5,14.2,2.08
998,20.4,14.6,1.09
999,17.9,14.3,0.997
1000,12.1,12.3,0.947
1001,21.1,13.1,3.29
1002,21.9,13.9,4.51
1003,20.9,14.3,4.43
1004,18.4,14,1.1
1005,13.3,12.4,2.13
1006,17.9,13.9,2.67
1007,18.1,14.9,3.36
1008,10.5,12.5,1.1
1009,19,13.5,2.06
1010,19.1,14.7,2.51
1011,14.6,13.3,1.34
1012,21.2,14.7,2.87
1013,20.2,15.5,3.28
1014,13.7,13.4,1.53
1015,12.8,13.1,2.13
1016,19.6,13.3,4.13
1017,19.6,13.8,4.62
1018,17.2,13.6,3.69
1019,12.3,11.9,2.78
1020,19.8,13,2.79
1021,21.1,14.3,2.71
1022,20.2,14.4,2.23
1023,17.6,14,1.48
1024,12.1,12.2,1.31
1025,18.2,12.7,2.44
1026,20.5,14.2,2.08
1027,20.4,14.6,1.09
1028,18,14.3,0.963
1029,12.1,12.3,0.946
1030,21,13,3.28
1031,21.9,13.9,4.51
1032,20.9,14.3,4.45
1033,18.4,14,1.1
1034,13.3,12.4,2.13
1035,17.9,13.9,2.67
1036,18.1,14.9,3.32
1037,10.5,12.5,1.1
1038,19,13.5,2.06
1039,19.1,14.7,2.51
1040,14.6,13.3,1.35
1041,21.2,14.6,2.88
1042,20.2,15.5,3.28
1043,13.7,13.4,1.53
1044,12.7,13.1,2.08
1045,19.5,13.9,4.73
1046,12.8,12.1,2.86
1047,19.9,13,2.8
1048,21.1,14.3,2.71
1049,20.2,14.4,2.23
1050,17.4,13.9,1.52
1051,12.1,12.2,1.31
1052,18.2,12.7,2.44
1053,20.5,14.2,2.1
1054,20.4,14.6,1.09
1055,17.9,14.3,0.997
1056,12.1,12.3,0.947
1057,21.1,13.1,3.29
1058,21.9,13.9,4.51
1059,20.9,14.3,4.43
1060,18.4,14,1.1
1061,13.3,12.4,2.14
1062,17.9,13.9,2.66
1063,18.1,14.9,3.36
1064,10.5,12.5,1.1
1065,19,13.5,2.06
1066,18.7,14.6,2.31
1067,14.6,13.3,1.34
1068,21.2,14.9,2.81
1069,20.2,15.5,3.28
1070,13.7,13.4,1.53
1071,12.8,13.1,2.13
1072,19.6,13.3,4.1
1073,19.6,13.8,4.62
1074,17.2,13.6,3.69
1075,12.3,11.9,2.78
1076,19.8,13,2.79
1077,21.1,14.3,2.7
1078,20.2,14.4,2.23
1079,17.5,13.9,1.49
1080,12.1,12.2,1.31
1081,18.2,12.7,2.44
1082,20.5,14.2,2.08
1083,20.4,14.6,1.09
1084,18,14.3,0.963
1085,12.1,12.3,0.946
1086,21,13,3.28
1087,21.9,13.9,4.51
1088,20.9,14.3,4.45
1089,18.4,14,1.1
1090,13.3,12.4,2.13
1091,17.9,13.9,2.67
1092,18.1,14.9,3.32
1093,10.5,12.5,1.1
1094,19,13.5,2.06
1095,19.1,14.7,2.51
1096,14.6,13.3,1.34
1097,21.2,14.6,2.88
1098,20.2,15.5,3.28
1099,13.7,13.4,1.53
1100,12.7,13.1,2.08
1101,20.2,13.5,4.11
1102,19.6,13.9,4.65
1103,17.2,13.6,3.67
1104,12.3,11.9,2.78
1105,19.9,13,2.8
1106,21.1,14.3,2.71
1107,20.2,14.4,2.23
1108,17.4,13.9,1.52
1109,12.1,12.2,1.31
1110,18.2,12.7,2.44
1111,20.5,14.2,2.1
1112,20.4,14.6,1.07
1113,17.9,14.3,0.997
1114,12.1,12.3,0.947
1115,21.1,13.1,3.29
1116,21.9,13.9,4.51
1117,20.9,14.3,4.43
1118,18.4,14,1.1
1119,13.3,12.4,2.14
1120,17.9,13.9,2.66
1121,18.1,14.9,3.36
1122,10.5,12.5,1.08
1123,19,13.5,2.06
1124,18.7,14.6,2.31
1125,14.6,13.3,1.34
1126,21.2,14.9,2.81
1127,20.2,15.5,3.3
1128,13.7,13.4,1.53
1129,12.8,13.1,2.13
1130,18.6,12.9,3.69
1131,19.6,13.8,4.62
1132,17.2,13.6,3.69
1133,12.3,11.9,2.78
1134,19.5,12.8,2.74
1135,21,14.1,2.7
1136,20.8,14.5,2.62
1137,17.9,14,1.51
1138,12,12.2,1.31
1139,18,12.6,2.36
1140,20.3,14.1,2.05
1141,20.7,14.7,1.45
1142,18.7,14.4,0.793
1143,11.5,12.2,0.793
1144,20.5,12.6,3.11
1145,21.8,13.8,4.37
1146,20.9,14.3,4.45
1147,18.4,14,1.1
1148,13.2,12.4,2.09
1149,17.7,13.7,2.68
1150,18.1,14.9,3.29
1151,10.2,12.5,1.04
1152,18.9,13.4,2.09
1153,19.1,14.7,2.52
1154,14.6,13.3,1.35
1155,21.1,14.6,2.89
1156,20.2,15.5,3.24
1157,13.7,13.5,1.53
1158,12.7,13.1,2.09
1159,19.3,13.2,4.06
1160,19.5,13.9,4.73
1161,16.5,13.4,3.35
1162,12.2,11.9,2.79
1163,19.7,12.9,2.77
1164,21,14.1,2.69
1165,20.3,14.4,2.31
1166,17.7,14,1.48
1167,12.2,12.2,1.34
1168,18.2,12.6,2.41
1169,20.4,14.1,2.06
1170,20.7,14.7,1.44
1171,17.5,14.2,0.831
1172,11.4,12.2,0.793
1173,20.9,12.9,3.26
1174,21.9,13.9,4.49
1175,20.9,14.3,4.43
1176,18.3,14,1.01
1177,13.3,12.4,2.14
1178,17.8,13.8,2.69
1179,18.1,14.9,3.36
1180,10.5,12.5,1.08
1181,19.1,13.6,2.05
1182,18.7,14.6,2.31
1183,14.6,13.3,1.34
1184,21.2,14.9,2.81
1185,20.2,15.5,3.3
1186,13.7,13.4,1.53
1187,12.6,13.1,2.08
1188,19.6,13.8,4.62
1189,12.9,12.1,2.87
1190,19.5,12.8,2.74
1191,21,14.1,2.7
1192,20.8,14.5,2.6
1193,17.9,14,1.51
1194,12.2,12.2,1.35
1195,18,12.6,2.36
1196,20.3,14.1,2.05
1197,20.7,14.7,1.45
1198,18.6,14.4,0.811
1199,11.5,12.2,0.793
1200,20.5,12.6,3.11
1201,21.8,13.8,4.37
1202,20.9,14.3,4.45
1203,18.4,14,1.1
1204,13.3,12.4,2.13
1205,17.7,13.7,2.68
1206,18.1,14.9,3.32
1207,10.6,12.5,1.11
1208,18.9,13.4,2.09
1209,19.1,14.7,2.52
1210,14.6,13.3,1.35
1211,21.1,14.6,2.89
1212,20.2,15.5,3.24
1213,13.7,13.5,1.53
1214,12.7,13.1,2.08
1215,19.8,13.4,3.96
1216,19.6,13.8,4.59
1217,17.3,13.6,3.71
1218,12.3,11.9,2.78
1219,19.5,12.8,2.74
1220,21,14.1,2.71
1221,20.8,14.5,2.65
1222,17.9,14,1.51
1223,12,12.3,1.32
1224,18,12.6,2.36
1225,20.3,14.1,2.05
1226,20.7,14.7,1.45
1227,18.8,14.4,0.784
1228,11.5,12.2,0.793
1229,20.5,12.6,3.11
1230,21.8,13.8,4.37
1231,21,14.3,4.47
1232,18.5,14.1,1.33
1233,13.2,12.4,2.07
1234,17.7,13.7,2.68
1235,18.1,14.9,3.29
1236,10.2,12.5,1.04
1237,18.9,13.4,2.09
1238,19.1,14.7,2.53
1239,14.6,13.3,1.35
1240,21.1,14.6,2.9
1241,20.2,15.5,3.24
1242,13.7,13.5,1.53
1243,12.7,13.1,2.09
1244,19.9,13.4,3.93
1245,19.6,13.8,4.62
1246,17.3,13.6,3.71
1247,12.3,11.9,2.78
1248,19.5,12.8,2.74
1249,21,14.1,2.7
1250,20.8,14.5,2.62
1251,17.9,14,1.51
1252,12,12.2,1.31
1253,18,12.6,2.36
1254,20.3,14.1,2.05
1255,20.7,14.7,1.45
1256,18.7,14.4,0.793
1257,11.5,12.2,0.793
1258,20.5,12.6,3.11
1259,21.8,13.8,4.37
1260,21,14.3,4.47
1261,18.4,14.1,1.21
1262,13.2,12.4,2.09
1263,17.7,13.7,2.68
1264,18.1,14.9,3.29
1265,10.2,12.5,1.04
1266,18.9,13.4,2.09
1267,19.1,14.7,2.52
1268,14.6,13.3,1.35
1269,21.1,14.6,2.9
1270,20.2,15.5,3.24
1271,13.7,13.5,1.53
1272,12.7,13.1,2.09
1273,18.6,12.9,3.72
1274,19.6,13.9,4.69
1275,17.2,13.6,3.69
1276,12.3,11.9,2.78
1277,19.6,12.9,2.75
1278,21,14.1,2.7
1279,20.4,14.4,2.33
1280,17.7,14,1.48
1281,12.2,12.2,1.35
1282,18.2,12.6,2.41
1283,20.3,14.1,2.05
1284,20.7,14.7,1.45
1285,17.6,14.3,0.813
1286,11.4,12.2,0.793
1287,20.5,12.7,3.07
1288,21.9,13.8,4.41
1289,20.9,14.3,4.45
1290,18.4,14,1.1
1291,13.3,12.4,2.13
1292,17.8,13.8,2.69
1293,18.1,14.9,3.32
1294,10.5,12.5,1.1
1295,19,13.5,2.06
1296,19.1,14.7,2.51
1297,14.6,13.3,1.34
1298,21.2,14.7,2.87
1299,20.2,15.5,3.28
1300,13.7,13.4,1.53
1301,12.7,13.1,2.08
1302,19.2,13.2,4.01
1303,19.6,13.9,4.69
1304,17.2,13.6,3.69
1305,12.3,11.9,2.79
1306,19.6,12.9,2.75
1307,21,14.1,2.7
1308,20.4,14.4,2.33
1309,17.7,14,1.48
1310,12.2,12.2,1.35
1311,18.2,12.6,2.41
1312,20.3,14.1,2.05
1313,20.7,14.7,1.45
1314,17.6,14.3,0.813
1315,11.4,12.2,0.793
1316,20.9,12.9,3.27
1317,21.9,13.8,4.41
1318,20.9,14.3,4.45
1319,18.4,14,1.1
1320,13.3,12.4,2.13
1321,17.8,13.8,2.69
1322,18.1,14.9,3.32
1323,10.5,12.5,1.1
1324,19,13.5,2.06
1325,19.1,14.7,2.51
1326,14.6,13.3,1.34
1327,20.2,15.5,3.28
1328,13.7,13.4,1.53
1329,12.7,13.1,2.08
1330,19.5,13.9,4.73
1331,17.2,13.6,3.69
1332,12.3,11.9,2.78
1333,19.6,12.9,2.75
1334,21,14.1,2.7
1335,20.4,14.4,2.33
1336,17.7,14,1.48
1337,12.2,12.2,1.35
1338,18.2,12.6,2.41
1339,20.3,14.1,2.05
1340,20.7,14.7,1.45
1341,17.6,14.3,0.813
1342,11.4,12.2,0.793
1343,20.5,12.7,3.07
1344,21.9,13.8,4.41
1345,20.9,14.3,4.45
1346,18.4,14,1.1
1347,13.3,12.4,2.13
1348,17.8,13.8,2.69
1349,18.1,14.9,3.32
1350,10.5,12.5,1.1
1351,19,13.5,2.06
1352,19.1,14.7,2.51
1353,14.6,13.3,1.34
1354,21.2,14.6,2.88
1355,20.2,15.5,3.28
1356,13.7,13.4,1.53
1357,12.7,13.1,2.08
1358,19.8,13.4,3.93
1359,19.6,13.9,4.65
1360,17.2,13.6,3.69
1361,12.3,11.9,2.78
1362,19.5,12.8,2.74
1363,21,14.1,2.7
1364,20.4,14.4,2.33
1365,17.8,14,1.49
1366,12.2,12.2,1.35
1367,18.1,12.6,2.39
1368,20.3,14.1,2.05
1369,20.7,14.7,1.45
1370,17.6,14.3,0.813
1371,11.4,12.2,0.793
1372,20.5,12.6,3.11
1373,21.8,13.8,4.37
1374,20.9,14.3,4.45
1375,18.4,14,1.1
1376,13.3,12.4,2.13
1377,17.8,13.8,2.69
1378,18.1,14.9,3.32
1379,10.6,12.5,1.11
1380,19,13.5,2.08
1381,19.1,14.7,2.51
1382,14.6,13.3,1.35
1383,21.1,14.6,2.89
1384,20.2,15.5,3.24
1385,13.7,13.4,1.53
1386,12.7,13.1,2.08
1387,20,13.4,3.97
1388,19.6,13.9,4.69
1389,17.2,13.6,3.67
1390,12.3,11.9,2.79
1391,19.6,12.9,2.75
1392,21,14.1,2.69
1393,20.3,14.4,2.31
1394,17.7,14,1.48
1395,12.2,12.2,1.34
1396,18.2,12.6,2.41
1397,20.3,14.1,2.05
1398,20.7,14.7,1.45
1399,17.5,14.2,0.831
1400,11.4,12.2,0.793
1401,20.9,12.9,3.27
1402,21.9,13.8,4.45
1403,20.9,14.3,4.43
1404,18.3,14,1.01
1405,13.3,12.4,2.14
1406,17.8,13.8,2.69
1407,18.1,14.9,3.36
1408,10.5,12.5,1.1
1409,19,13.5,2.06
1410,19.1,14.7,2.51
1411,14.6,13.3,1.34
1412,21.2,14.7,2.87
1413,20.2,15.5,3.28
1414,13.7,13.4,1.53
1415,12.7,13.1,2.08
1416,10.6,5.91,1.13
1417,10.9,6.75,1.47
1418,7.62,6.72,1.08
1419,11.4,5.25,2.06
1420,14.3,6.68,1.88
1421,13.7,7.28,1.69
1422,11.1,7.13,1.12
1423,13.6,5.71,0.652
1424,17.2,7.22,0.849
1425,16.3,7.91,1.2
1426,12.5,7.91,0.059
1427,4.34,6.38,0.103
1428,16.3,7.02,1.4
1429,16.9,8.19,2.39
1430,15,8.59,1.6
1431,5.49,7.2,0.325
1432,13.3,7.01,1.23
1433,13.8,8.51,3.72
1434,11.4,8.78,3
1435,7.28,7.6,1.97
1436,6.5,7.42,3.42
1437,6.28,7.69,2.44
1438,3.28,6.69,1.14
1439,7.84,6.98,1.7
1440,5.28,6.85,0.745
1441,6.66,6.62,0.811
1442,11.4,5.25,2.06
1443,14.2,6.64,1.87
1444,13.7,7.28,1.73
1445,11.3,7.14,1.09
1446,13.4,5.68,0.658
1447,17.2,7.22,0.849
1448,16.4,7.89,1.22
1449,12.5,7.91,0.059
1450,4.38,6.4,0.102
1451,16.3,6.98,1.36
1452,16.9,8.19,2.39
1453,15.1,8.59,1.63
1454,5.49,7.2,0.325
1455,13.3,7.01,1.23
1456,13.8,8.48,3.68
1457,11.4,8.78,3
1458,7.24,7.62,1.85
1459,6.57,7.41,3.45
1460,6.15,7.69,2.64
1461,3.28,6.69,1.14
1462,7.83,6.96,1.63
1463,5.28,6.85,0.745
1464,7.28,6.69,0.955
1465,11.4,5.25,2.06
1466,14.2,6.64,1.87
1467,13.7,7.28,1.73
1468,11.3,7.14,1.09
1469,13.4,5.68,0.658
1470,17.2,7.22,0.849
1471,16.4,7.89,1.22
1472,12.5,7.91,0.059
1473,4.38,6.4,0.102
1474,16.3,6.98,1.36
1475,16.9,8.19,2.39
1476,15.1,8.59,1.63
1477,5.49,7.2,0.325
1478,13.3,7.01,1.23
1479,13.8,8.48,3.68
1480,11.4,8.78,3
1481,7.24,7.62,1.85
1482,6.57,7.41,3.45
1483,6.15,7.69,2.64
1484,3.43,7.15,1.73
1485,4.54,6.49,0.891
1486,5.28,6.85,0.745
1487,10.6,6.84,1.6
1488,7.5,6.72,1.04
1489,11.4,5.25,2.06
1490,14.2,6.64,1.87
1491,13.7,7.28,1.73
1492,11.3,7.14,1.09
1493,13.4,5.68,0.658
1494,17.1,7.18,0.814
1495,16.4,7.89,1.22
1496,12.5,7.91,0.059
1497,4.38,6.4,0.102
1498,16.3,6.98,1.36
1499,16.9,8.19,2.39
1500,15.1,8.59,1.63
1501,5.49,7.2,0.325
1502,13.2,6.98,1.18
1503,13.8,8.48,3.68
1504,11.4,8.78,3
1505,7.24,7.62,1.85
1506,6.57,7.41,3.45
1507,6.15,7.69,2.64
1508,3.28,6.69,1.14
1509,7.83,6.96,1.63
1510,5.3,6.85,0.761
1511,10.2,6.9,1.72
1512,7.62,6.72,1.08
1513,11.4,5.25,2.06
1514,14.3,6.68,1.88
1515,13.7,7.28,1.73
1516,11.3,7.14,1.09
1517,13.6,5.71,0.652
1518,17.2,7.22,0.849
1519,16.3,7.91,1.2
1520,12.5,7.91,0.059
1521,4.38,6.4,0.102
1522,16.3,7.02,1.4
1523,16.9,8.19,2.39
1524,15.1,8.59,1.63
1525,5.49,7.2,0.325
1526,13.3,7.01,1.23
1527,13.8,8.48,3.68
1528,11.4,8.78,3
1529,7.24,7.62,1.85
1530,6.5,7.42,3.42
1531,6.15,7.69,2.64
1532,3.28,6.69,1.14
1533,7.83,6.96,1.63
1534,5.28,6.85,0.745
1535,10.5,5.86,1.12
1536,10.6,6.81,1.57
1537,8.21,6.8,1.22
1538,11,5.15,2.08
1539,14,6.53,1.91
1540,14.3,7.28,2.3
1541,11.8,7.17,1.07
1542,12.9,5.62,0.629
1543,17,6.96,0.488
1544,16.4,7.89,1.22
1545,12.9,7.92,0.161
1546,4.48,6.43,0.1
1547,16.2,6.93,1.31
1548,16.9,8.12,2.35
1549,16,8.6,1.93
1550,5.83,7.26,0.359
1551,12.9,6.92,1.09
1552,13.8,8.42,3.65
1553,11.7,8.79,3.2
1554,7.31,7.68,1.75
1555,6.96,7.28,3.63
1556,6.15,7.69,2.64
1557,3.35,6.72,1.18
1558,7.72,6.88,1.4
1559,5.34,6.86,0.798
1560,7.5,6.74,0.916
1561,11,5.15,2.08
1562,14,6.53,1.91
1563,14.3,7.28,2.3
1564,11.8,7.17,1.07
1565,12.9,5.62,0.629
1566,17,6.96,0.488
1567,16.4,7.89,1.22
1568,12.9,7.92,0.161
1569,4.48,6.43,0.1
1570,16.2,6.93,1.31
1571,16.9,8.16,2.37
1572,16,8.6,1.92
1573,5.74,7.24,0.35
1574,13,6.95,1.14
1575,13.8,8.42,3.65
1576,11.6,8.78,3.14
1577,7.28,7.67,1.75
1578,6.77,7.36,3.56
1579,6.15,7.69,2.64
1580,3.32,6.71,1.17
1581,7.79,6.9,1.45
1582,5.34,6.86,0.798
1583,8.1,6.79,1.18
1584,11.1,5.18,2.07
1585,14,6.53,1.91
1586,14.3,7.28,2.3
1587,11.8,7.17,1.07
1588,12.9,5.62,0.629
1589,17,6.96,0.488
1590,16.4,7.89,1.22
1591,12.7,7.92,0.0991
1592,4.48,6.43,0.1
1593,16.2,6.93,1.31
1594,16.9,8.16,2.37
1595,16,8.6,1.92
1596,5.74,7.24,0.35
1597,13,6.95,1.14
1598,13.8,8.42,3.65
1599,11.6,8.78,3.14
1600,7.27,7.63,1.85
1601,6.77,7.36,3.56
1602,6.15,7.69,2.64
1603,3.32,6.71,1.17
1604,7.79,6.9,1.45
1605,5.34,6.86,0.798
1606,10.6,6.16,1.27
1607,10.6,6.81,1.57
1608,8.21,6.8,1.22
1609,11,5.15,2.08
1610,14,6.48,1.93
1611,14.3,7.26,2.33
1612,11.8,7.17,1.07
1613,12.7,5.58,0.598
1614,17,6.96,0.488
1615,16.4,7.87,1.24
1616,12.9,7.92,0.161
1617,4.48,6.43,0.1
1618,16.2,6.88,1.26
1619,16.9,8.12,2.35
1620,16,8.6,1.93
1621,5.83,7.26,0.359
1622,12.9,6.92,1.09
1623,13.8,8.42,3.65
1624,11.7,8.79,3.2
1625,7.31,7.68,1.75
1626,6.96,7.28,3.63
1627,6.15,7.69,2.64
1628,3.35,6.72,1.18
1629,7.72,6.88,1.4
1630,5.34,6.86,0.798
1631,10.4,6.9,1.66
1632,8.1,6.79,1.18
1633,11,5.15,2.08
1634,14,6.53,1.91
1635,14.3,7.28,2.3
1636,11.8,7.17,1.07
1637,12.9,5.62,0.629
1638,17,6.96,0.488
1639,16.4,7.89,1.22
1640,12.9,7.92,0.161
1641,4.48,6.43,0.1
1642,16.2,6.93,1.31
1643,16.9,8.16,2.37
1644,16,8.6,1.92
1645,5.74,7.24,0.35
1646,13,6.95,1.14
1647,13.8,8.42,3.65
1648,11.6,8.78,3.14
1649,7.28,7.67,1.75
1650,6.96,7.28,3.63
1651,6.15,7.69,2.64
1652,3.35,6.72,1.18
1653,7.79,6.9,1.45
1654,5.34,6.86,0.798
1655,10.5,5.86,1.12
1656,10.6,6.84,1.6
1657,7.39,6.71,0.999
1658,11.3,5.21,2.06
1659,14.1,6.61,1.88
1660,14.2,7.29,2.2
1661,11.4,7.15,1.08
1662,13.1,5.64,0.65
1663,17,6.96,0.488
1664,16.4,7.87,1.24
1665,12.7,7.92,0.0991
1666,4.38,6.4,0.102
1667,16.3,6.98,1.36
1668,16.9,8.16,2.37
1669,15.1,8.59,1.63
1670,5.57,7.21,0.335
1671,13.2,6.98,1.18
1672,13.8,8.45,3.66
1673,11.5,8.78,3.07
1674,7.27,7.63,1.85
1675,6.87,7.32,3.56
1676,6.11,7.68,2.74
1677,3.3,6.7,1.15
1678,7.85,6.94,1.57
1679,5.3,6.85,0.761
1680,6.75,6.63,0.813
1681,11.3,5.21,2.06
1682,14.2,6.64,1.87
1683,13.8,7.28,1.78
1684,11.3,7.14,1.09
1685,13.4,5.68,0.658
1686,17,6.96,0.488
1687,16.4,7.89,1.22
1688,12.5,7.91,0.059
1689,4.38,6.4,0.102
1690,16.3,6.98,1.36
1691,16.9,8.19,2.39
1692,15.1,8.59,1.63
1693,5.57,7.21,0.335
1694,13.2,6.98,1.18
1695,13.8,8.48,3.68
1696,11.5,8.78,3.07
1697,7.24,7.62,1.85
1698,6.8,7.33,3.53
1699,6.15,7.69,2.64
1700,3.3,6.7,1.15
1701,7.85,6.94,1.57
1702,5.3,6.85,0.761
1703,7.39,6.71,0.999
1704,11.3,5.21,2.06
1705,14.2,6.64,1.87
1706,13.7,7.28,1.73
1707,11.3,7.14,1.09
1708,13.4,5.68,0.658
1709,17,6.96,0.488
1710,16.4,7.89,1.22
1711,12.5,7.91,0.059
1712,4.38,6.4,0.102
1713,16.3,6.98,1.36
1714,16.9,8.19,2.39
1715,15.1,8.59,1.63
1716,5.57,7.21,0.335
1717,13.2,6.98,1.18
1718,13.8,8.48,3.68
1719,11.5,8.78,3.07
1720,7.24,7.62,1.85
1721,6.8,7.33,3.53
1722,6.15,7.69,2.64
1723,3.3,6.7,1.15
1724,7.83,6.96,1.63
1725,5.3,6.85,0.761
1726,10.6,6.81,1.57
1727,7.39,6.71,0.999
1728,11.3,5.21,2.06
1729,14.1,6.61,1.88
1730,13.8,7.28,1.78
1731,11.4,7.15,1.08
1732,13.4,5.68,0.658
1733,17,6.96,0.488
1734,16.4,7.89,1.22
1735,12.5,7.91,0.059
1736,4.38,6.4,0.102
1737,16.3,6.98,1.36
1738,16.9,8.19,2.39
1739,15.1,8.59,1.63
1740,5.57,7.21,0.335
1741,13.2,6.98,1.18
1742,13.8,8.48,3.68
1743,11.5,8.78,3.07
1744,7.24,7.62,1.85
1745,6.8,7.33,3.53
1746,6.15,7.69,2.64
1747,3.3,6.7,1.15
1748,7.85,6.94,1.57
1749,5.3,6.85,0.761
1750,10.1,6.9,1.75
1751,7.86,6.77,1.08
1752,11.3,5.21,2.06
1753,14.1,6.61,1.88
1754,14.2,7.28,2.25
1755,11.4,7.15,1.08
1756,13.1,5.64,0.65
1757,17,6.96,0.488
1758,16.4,7.87,1.24
1759,12.7,7.92,0.0991
1760,4.43,6.41,0.101
1761,16.3,6.98,1.36
1762,16.9,8.16,2.37
1763,15.1,8.59,1.63
1764,5.57,7.21,0.335
1765,13.2,6.98,1.18
1766,13.8,8.45,3.66
1767,11.5,8.78,3.07
1768,7.27,7.63,1.85
1769,6.87,7.32,3.56
1770,6.11,7.68,2.74
1771,3.3,6.7,1.15
1772,7.83,6.92,1.51
1773,5.3,6.85,0.761
1774,10.5,5.82,1.12
1775,10.6,6.84,1.6
1776,7.98,6.78,1.14
1777,11.1,5.18,2.07
1778,14.1,6.57,1.89
1779,14.2,7.28,2.25
1780,11.6,7.16,1.07
1781,13.1,5.64,0.65
1782,17.2,7.22,0.849
1783,16.4,7.89,1.22
1784,12.7,7.92,0.0991
1785,4.43,6.41,0.101
1786,16.2,6.93,1.31
1787,16.9,8.16,2.37
1788,15.2,8.59,1.65
1789,5.66,7.23,0.342
1790,13,6.95,1.14
1791,13.8,8.45,3.66
1792,11.6,8.78,3.14
1793,7.27,7.63,1.85
1794,6.76,7.37,3.54
1795,6.28,7.69,2.44
1796,3.32,6.71,1.17
1797,7.79,6.9,1.45
1798,5.32,6.86,0.78
1799,7.5,6.74,0.916
1800,11.3,5.21,2.06
1801,14.1,6.57,1.89
1802,14.2,7.28,2.25
1803,11.6,7.16,1.07
1804,13.1,5.64,0.65
1805,17.2,7.22,0.849
1806,16.4,7.89,1.22
1807,12.7,7.92,0.0991
1808,4.43,6.41,0.101
1809,16.3,6.98,1.36
1810,16.9,8.16,2.37
1811,15.2,8.59,1.65
1812,5.57,7.21,0.335
1813,13.2,6.98,1.18
1814,13.8,8.45,3.66
1815,11.5,8.78,3.07
1816,7.27,7.63,1.85
1817,6.73,7.38,3.52
1818,6.28,7.69,2.44
1819,3.32,6.71,1.17
1820,7.83,6.92,1.51
1821,5.32,6.86,0.78
1822,8.21,6.8,1.22
1823,11.1,5.18,2.07
1824,14,6.53,1.91
1825,14.2,7.28,2.25
1826,11.6,7.16,1.07
1827,13.1,5.64,0.65
1828,17.1,7.18,0.814
1829,16.4,7.89,1.22
1830,12.7,7.92,0.0991
1831,4.43,6.41,0.101
1832,16.2,6.93,1.31
1833,16.9,8.16,2.37
1834,16,8.6,1.92
1835,5.66,7.23,0.342
1836,13,6.95,1.14
1837,13.8,8.45,3.66
1838,11.6,8.78,3.14
1839,7.27,7.63,1.85
1840,6.76,7.37,3.54
1841,6.15,7.69,2.64
1842,3.32,6.71,1.17
1843,7.79,6.9,1.45
1844,5.32,6.86,0.78
1845,10.7,6.07,1.25
1846,10.6,6.82,1.59
1847,8.1,6.79,1.18
1848,11.1,5.18,2.07
1849,14,6.53,1.91
1850,14.3,7.28,2.3
1851,11.6,7.16,1.07
1852,12.9,5.62,0.629
1853,17,6.96,0.488
1854,16.4,7.89,1.22
1855,12.7,7.92,0.0991
1856,4.43,6.41,0.101
1857,16.2,6.93,1.31
1858,16.9,8.16,2.37
1859,16,8.6,1.92
1860,5.66,7.23,0.342
1861,13,6.95,1.14
1862,13.8,8.42,3.65
1863,11.6,8.78,3.14
1864,7.27,7.63,1.85
1865,6.76,7.37,3.54
1866,6.15,7.69,2.64
1867,3.32,6.71,1.17
1868,7.79,6.9,1.45
1869,5.32,6.86,0.78
1870,10.4,6.89,1.65
1871,7.98,6.78,1.14
1872,11.1,5.18,2.07
1873,14.1,6.57,1.89
1874,14.2,7.28,2.25
1875,11.6,7.16,1.07
1876,13.1,5.64,0.65
1877,17.2,7.22,0.849
1878,16.4,7.89,1.22
1879,12.7,7.92,0.0991
1880,4.43,6.41,0.101
1881,16.2,6.93,1.31
1882,16.9,8.16,2.37
1883,15.2,8.59,1.65
1884,5.66,7.23,0.342
1885,13,6.95,1.14
1886,13.8,8.45,3.66
1887,11.5,8.78,3.07
1888,7.27,7.63,1.85
1889,6.73,7.38,3.52
1890,6.28,7.69,2.44
1891,3.32,6.71,1.17
1892,7.79,6.9,1.45
1893,5.32,6.86,0.78
1894,17.6,14,1.2
1895,20,15.4,0.968
1896,20.7,15.9,0.641
1897,19.3,15.6,0.946
1898,10.6,13.7,0.275
1899,20.8,14.4,0.821
1900,21.7,15.6,0.801
1901,20.8,16,1.76
1902,19.2,16,0.899
1903,13.2,14.4,0.0774
1904,18.8,15,1.28
1905,19.9,15.6,0.76
1906,13.9,15.7,2.13
1907,11.3,13.9,0.185
1908,20.1,15.6,0.97
1909,15.4,15.3,0.83
1910,19.1,14.6,0.752
1911,19.9,15.4,0.995
1912,20.7,15.9,0.641
1913,19.3,15.6,0.946
1914,11.1,13.6,0.259
1915,20.8,14.4,0.821
1916,21.7,15.6,0.801
1917,20.8,16,1.76
1918,19.2,16,0.899
1919,13.2,14.4,0.0774
1920,18.6,15,1.36
1921,19.9,15.6,0.76
1922,13.9,15.7,2.13
1923,11.3,13.9,0.185
1924,20.1,15.6,0.97
1925,15.4,15.3,0.824
1926,20.5,15.6,1.03
1927,20.7,15.9,0.641
1928,19.2,15.6,0.974
1929,11.1,13.6,0.259
1930,20.8,14.4,0.821
1931,21.7,15.6,0.801
1932,20.8,16,1.76
1933,19.2,16,0.899
1934,13.2,14.4,0.0774
1935,18.6,15,1.36
1936,19.9,15.6,0.76
1937,13.9,15.7,2.13
1938,11.3,13.9,0.185
1939,20.1,15.6,0.97
1940,15.4,15.3,0.824
1941,17.8,14.1,1.17
1942,19.9,15.4,0.995
1943,20.7,15.9,0.641
1944,19.2,15.6,0.974
1945,11.1,13.6,0.259
1946,20.8,14.4,0.821
1947,21.7,15.6,0.801
1948,20.8,16,1.76
1949,19.2,16,0.899
1950,13.2,14.4,0.0754
1951,18.6,15,1.36
1952,19.9,15.6,0.76
1953,13.4,15.7,2.24
1954,11.3,13.9,0.185
1955,20.1,15.6,0.97
1956,15.4,15.3,0.824
1957,18.3,14.4,1.03
1958,20,15.4,0.968
1959,20.7,15.9,0.641
1960,19.3,15.6,0.946
1961,10.5,13.6,0.26
1962,20.8,14.4,0.821
1963,21.7,15.6,0.801
1964,20.8,16,1.76
1965,19.2,16,0.899
1966,13.2,14.4,0.0774
1967,18.6,15,1.36
1968,19.9,15.6,0.76
1969,13.9,15.7,2.13
1970,11.3,13.9,0.185
1971,20.1,15.6,0.97
1972,15.4,15.3,0.824
1973,17.6,14,1.2
1974,19.9,15.4,0.995
1975,21,15.9,0.513
1976,18.8,15.5,1.04
1977,11,13.6,0.229
1978,21.3,14.7,0.76
1979,21.7,15.7,0.847
1980,20.8,16.1,1.78
1981,19.1,15.9,0.773
1982,13.1,14.4,0.0743
1983,18.5,15,1.42
1984,20.2,15.6,0.688
1985,12.9,15.6,2.34
1986,11.3,13.9,0.18
1987,20,15.6,0.974
1988,15.3,15.2,0.755
1989,19.5,14.8,0.625
1990,19.9,15.4,0.995
1991,20.8,15.9,0.522
1992,18.8,15.5,1.04
1993,11.1,13.6,0.244
1994,21.3,14.7,0.76
1995,21.7,15.7,0.847
1996,20.8,16.1,1.78
1997,19.1,15.9,0.773
1998,13.1,14.4,0.0743
1999,18.5,15,1.42
2000,20.2,15.6,0.688
2001,12.9,15.6,2.34
2002,11.3,13.9,0.183
2003,20,15.6,0.974
2004,15.3,15.2,0.755
2005,20.1,15.5,0.954
2006,20.8,15.9,0.522
2007,18.8,15.5,1.04
2008,11.1,13.6,0.244
2009,21.3,14.7,0.76
2010,21.7,15.7,0.847
2011,20.8,16.1,1.78
2012,19.1,15.9,0.773
2013,13.1,14.4,0.0743
2014,18.5,15,1.42
2015,20.2,15.6,0.688
2016,12.9,15.6,2.34
2017,11.3,13.9,0.183
2018,20,15.6,0.974
2019,15.3,15.2,0.755
2020,17.7,14,1.21
2021,20,15.4,0.968
2022,21,15.9,0.513
2023,18.8,15.5,1.04
2024,11,13.6,0.229
2025,21.3,14.7,0.76
2026,21.7,15.7,0.847
2027,20.8,16.1,1.78
2028,19.1,15.9,0.773
2029,13.1,14.4,0.0743
2030,18.5,15,1.42
2031,20.2,15.6,0.688
2032,12.9,15.6,2.34
2033,11.3,13.9,0.18
2034,20,15.6,0.974
2035,15.3,15.2,0.755
2036,18.2,14.4,1.03
2037,19.9,15.4,0.995
2038,21,15.9,0.513
2039,18.8,15.5,1.04
2040,11,13.6,0.229
2041,21.3,14.7,0.76
2042,21.7,15.7,0.847
2043,20.8,16.1,1.78
2044,19.1,15.9,0.773
2045,13.1,14.4,0.0743
2046,18.5,15,1.42
2047,20.2,15.6,0.688
2048,12.9,15.6,2.34
2049,11.3,13.9,0.18
2050,20,15.6,0.974
2051,15.3,15.2,0.755
2052,17.6,13.9,1.19
2053,19.8,15.4,0.996
2054,20.8,15.9,0.579
2055,19.2,15.6,0.974
2056,11.1,13.6,0.259
2057,20.9,14.4,0.846
2058,21.7,15.7,0.822
2059,20.8,16,1.77
2060,19.1,16,0.829
2061,13.2,14.4,0.0754
2062,18.6,15,1.36
2063,19.9,15.6,0.76
2064,13.4,15.7,2.24
2065,11.3,13.9,0.183
2066,19.9,15.5,1.01
2067,15.5,15.3,0.838
2068,19.1,14.6,0.752
2069,19.9,15.4,0.995
2070,20.8,15.9,0.579
2071,19.2,15.6,0.974
2072,11.1,13.6,0.259
2073,20.9,14.4,0.846
2074,21.7,15.7,0.822
2075,20.8,16,1.77
2076,19.1,16,0.829
2077,13.2,14.4,0.0754
2078,18.6,15,1.36
2079,19.9,15.6,0.76
2080,13.4,15.7,2.24
2081,11.3,13.9,0.185
2082,19.9,15.5,1.01
2083,15.5,15.3,0.838
2084,19.9,15.4,0.995
2085,20.7,15.9,0.641
2086,19.2,15.6,0.974
2087,11.1,13.6,0.259
2088,20.8,14.4,0.821
2089,21.7,15.7,0.822
2090,20.8,16,1.76
2091,19.2,16,0.899
2092,13.2,14.4,0.0754
2093,18.6,15,1.36
2094,19.9,15.6,0.76
2095,13.4,15.7,2.24
2096,11.3,13.9,0.185
2097,19.9,15.5,1.01
2098,15.5,15.3,0.838
2099,17.8,14.1,1.17
2100,19.9,15.4,0.995
2101,20.8,15.9,0.579
2102,19.2,15.6,0.974
2103,11.1,13.6,0.259
2104,20.9,14.4,0.846
2105,21.7,15.7,0.822
2106,20.8,16,1.77
2107,19.1,16,0.829
2108,13.2,14.4,0.0754
2109,18.6,15,1.36
2110,19.9,15.6,0.76
2111,13.4,15.7,2.24
2112,11.3,13.9,0.185
2113,19.9,15.5,1.01
2114,15.5,15.3,0.838
2115,18.1,14.3,1.03
2116,19.8,15.4,0.996
2117,20.8,15.9,0.579
2118,19,15.5,1.01
2119,11.1,13.6,0.244
2120,20.9,14.4,0.846
2121,21.7,15.7,0.822
2122,20.8,16,1.77
2123,19.1,16,0.829
2124,13.2,14.4,0.0754
2125,18.6,15,1.36
2126,19.9,15.6,0.76
2127,13.4,15.7,2.24
2128,11.3,13.9,0.183
2129,19.9,15.5,1.01
2130,15.5,15.3,0.838
2131,17.6,13.9,1.19
2132,19.9,15.4,0.995
2133,20.8,15.9,0.579
2134,19,15.5,1.01
2135,11.1,13.6,0.244
2136,21.3,14.7,0.746
2137,21.7,15.7,0.822
2138,20.8,16,1.77
2139,19.1,16,0.829
2140,13.2,14.4,0.0754
2141,18.5,15,1.42
2142,20.2,15.6,0.688
2143,13.4,15.7,2.24
2144,11.3,13.9,0.183
2145,20,15.6,1
2146,15.4,15.3,0.83
2147,18.9,14.6,0.854
2148,19.8,15.4,0.996
2149,20.8,15.9,0.579
2150,19,15.5,1.01
2151,11.1,13.6,0.244
2152,21.3,14.7,0.746
2153,21.7,15.7,0.822
2154,20.8,16,1.77
2155,19.1,16,0.829
2156,13.2,14.4,0.0754
2157,18.5,15,1.42
2158,19.9,15.6,0.76
2159,13.4,15.7,2.24
2160,11.3,13.9,0.183
2161,19.9,15.5,1.01
2162,15.5,15.3,0.838
2163,19.9,15.4,0.995
2164,20.8,15.9,0.522
2165,19,15.5,1.01
2166,11.1,13.6,0.244
2167,21.3,14.7,0.76
2168,21.7,15.7,0.822
2169,20.8,16,1.77
2170,19.1,16,0.829
2171,13.1,14.4,0.0743
2172,18.5,15,1.42
2173,20.2,15.6,0.688
2174,13.4,15.7,2.24
2175,11.3,13.9,0.183
2176,20,15.6,0.974
2177,15.3,15.2,0.755
2178,17.8,14.1,1.2
2179,19.9,15.4,0.995
2180,20.8,15.9,0.522
2181,18.8,15.5,1.04
2182,11.1,13.6,0.244
2183,21.3,14.7,0.76
2184,21.7,15.7,0.847
2185,20.8,16.1,1.78
2186,19.1,15.9,0.773
2187,13.1,14.4,0.0743
2188,18.5,15,1.42
2189,20.2,15.6,0.688
2190,12.9,15.6,2.34
2191,11.3,13.9,0.183
2192,20,15.6,0.974
2193,15.3,15.2,0.755
2194,18.1,14.3,1.03
2195,19.8,15.4,0.996
2196,20.8,15.9,0.579
2197,19,15.5,1.01
2198,11.1,13.6,0.244
2199,21.3,14.7,0.746
2200,21.7,15.7,0.822
2201,20.8,16,1.77
2202,19.1,16,0.829
2203,13.2,14.4,0.0754
2204,18.5,15,1.42
2205,20.2,15.6,0.688
2206,13.4,15.7,2.24
2207,11.3,13.9,0.183
2208,20,15.6,1
2209,15.5,15.3,0.838
2210,14.6,6.41,3.08
2211,17.8,7.4,3.73
2212,18.5,8.22,2.45
2213,16.2,8.48,3.92
2214,11.5,7.86,1.27
2215,13.2,7.68,2.41
2216,15.6,8.37,3.26
2217,15.5,8.85,3.43
2218,14.9,9.09,3.43
2219,8.57,8.15,0.803
2220,15.2,7.74,1.98
2221,17.5,9.05,2.38
2222,16.6,9.74,3.17
2223,14.8,9.8,3.13
2224,9.78,8.84,0.869
2225,14.8,8.45,1.86
2226,17.5,9.19,1.92
2227,18.3,10.2,2.45
2228,12,9.48,1.49
2229,16.6,9.88,4.41
2230,15.8,10.7,4.81
2231,7.45,9.84,3.75
2232,2.51,8.69,4.19
2233,1.72,7.39,4.24
2234,1.49,6.89,5.47
2235,15.8,6.56,3.26
2236,17.9,7.48,3.77
2237,18.5,8.28,2.38
2238,16.2,8.48,3.92
2239,11.5,7.86,1.27
2240,13.2,7.68,2.41
2241,15.6,8.37,3.26
2242,15.5,8.85,3.43
2243,14.9,9.09,3.43
2244,8.57,8.15,0.803
2245,15.2,7.74,1.98
2246,17.5,9.05,2.38
2247,16.6,9.74,3.16
2248,14.9,9.8,3.19
2249,9.78,8.84,0.869
2250,14.8,8.45,1.86
2251,17.5,9.19,1.92
2252,18.3,10.2,2.45
2253,12,9.48,1.49
2254,16.6,9.88,4.41
2255,15.8,10.7,4.81
2256,7.45,9.84,3.75
2257,2.51,8.69,4.19
2258,1.72,7.39,4.24
2259,1.61,6.86,5.55
2260,18.5,8.33,2.4
2261,16.2,8.48,3.92
2262,11.5,7.86,1.27
2263,13.2,7.68,2.41
2264,15.6,8.37,3.26
2265,15.5,8.85,3.43
2266,15,9.09,3.44
2267,8.57,8.15,0.803
2268,15.2,7.74,1.98
2269,17.4,8.99,2.35
2270,16.6,9.72,3.16
2271,14.9,9.8,3.19
2272,9.82,8.85,0.883
2273,14.7,8.44,1.84
2274,17.5,9.19,1.92
2275,18.3,10.2,2.45
2276,12.1,9.49,1.5
2277,16.6,9.85,4.34
2278,15.8,10.7,4.81
2279,7.45,9.84,3.75
2280,2.53,8.7,4.17
2281,1.72,7.39,4.24
2282,1.51,6.9,5.47
2283,17,6.81,3.42
2284,17.9,7.48,3.77
2285,18.5,8.28,2.38
2286,16.2,8.48,3.92
2287,11.5,7.86,1.27
2288,13.2,7.68,2.41
2289,15.6,8.37,3.26
2290,15.5,8.85,3.43
2291,15,9.09,3.44
2292,8.57,8.15,0.803
2293,15.2,7.74,1.98
2294,17.4,9.02,2.37
2295,16.6,9.74,3.16
2296,14.9,9.8,3.19
2297,9.82,8.85,0.883
2298,14.7,8.44,1.84
2299,17.5,9.19,1.92
2300,18.3,10.2,2.45
2301,12.1,9.49,1.5
2302,16.6,9.85,4.34
2303,15.8,10.7,4.81
2304,7.45,9.84,3.75
2305,2.51,8.69,4.19
2306,1.72,7.39,4.24
2307,1.49,6.89,5.47
2308,18.5,8.21,2.48
2309,16.2,8.48,3.92
2310,11.5,7.86,1.27
2311,13.2,7.68,2.41
2312,15.6,8.37,3.26
2313,15.5,8.85,3.43
2314,14.9,9.09,3.43
2315,8.57,8.15,0.803
2316,15.2,7.74,1.98
2317,17.5,9.05,2.38
2318,16.6,9.74,3.16
2319,14.9,9.8,3.19
2320,9.78,8.84,0.869
2321,14.8,8.45,1.86
2322,17.5,9.19,1.92
2323,18.3,10.2,2.45
2324,12,9.48,1.49
2325,16.6,9.85,4.34
2326,15.8,10.7,4.81
2327,7.45,9.84,3.75
2328,2.51,8.69,4.19
2329,1.72,7.39,4.24
2330,1.49,6.89,5.47
2331,15,6.45,3.14
2332,17.9,7.46,3.77
2333,18.5,8.28,2.38
2334,16.2,8.48,3.92
2335,11.5,7.86,1.27
2336,13.2,7.68,2.41
2337,15.6,8.37,3.26
2338,15.5,8.85,3.43
2339,15,9.09,3.44
2340,8.57,8.15,0.803
2341,15.2,7.74,1.98
2342,17.6,8.83,2.15
2343,16.6,9.72,3.16
2344,14.9,9.8,3.19
2345,9.82,8.85,0.883
2346,14.7,8.44,1.84
2347,17.5,9.19,1.92
2348,18.3,10.2,2.45
2349,12.1,9.49,1.5
2350,16.6,9.85,4.34
2351,15.9,10.7,4.85
2352,7.45,9.84,3.75
2353,2.5,8.68,4.19
2354,1.72,7.39,4.24
2355,1.41,6.89,5.44
2356,16,6.59,3.32
2357,17.9,7.48,3.77
2358,18.5,8.28,2.38
2359,16.2,8.48,3.92
2360,11.5,7.86,1.27
2361,13.1,7.68,2.33
2362,15.6,8.35,3.24
2363,15.5,8.84,3.44
2364,15,9.09,3.44
2365,8.61,8.16,0.822
2366,14.9,7.7,2
2367,17.6,8.83,2.15
2368,16.6,9.71,3.15
2369,15,9.8,3.25
2370,9.85,8.86,0.898
2371,14.6,8.42,1.83
2372,17.6,9.25,1.97
2373,18.3,10.2,2.43
2374,12.1,9.49,1.5
2375,16.5,9.83,4.28
2376,15.9,10.7,4.89
2377,7.55,9.86,3.76
2378,2.5,8.68,4.19
2379,1.73,7.4,4.23
2380,1.44,6.89,5.45
2381,18.4,8.35,2.46
2382,16.2,8.48,3.92
2383,11.5,7.86,1.27
2384,13.1,7.68,2.33
2385,15.6,8.35,3.24
2386,15.5,8.84,3.44
2387,15,9.09,3.44
2388,8.61,8.16,0.822
2389,15,7.72,1.99
2390,17.6,8.83,2.15
2391,16.6,9.72,3.16
2392,14.9,9.8,3.19
2393,9.82,8.85,0.883
2394,14.7,8.44,1.84
2395,17.5,9.19,1.92
2396,18.3,10.2,2.43
2397,12.1,9.49,1.5
2398,16.5,9.83,4.28
2399,15.9,10.7,4.85
2400,7.5,9.85,3.75
2401,2.5,8.68,4.19
2402,1.73,7.4,4.23
2403,1.44,6.89,5.45
2404,17.9,7.48,3.77
2405,18.5,8.28,2.38
2406,16.2,8.48,3.92
2407,11.5,7.86,1.27
2408,13.1,7.68,2.33
2409,15.6,8.35,3.24
2410,15.5,8.84,3.44
2411,15,9.09,3.44
2412,8.61,8.16,0.822
2413,14.9,7.7,2
2414,17.5,8.8,2.14
2415,16.6,9.71,3.15
2416,15,9.8,3.25
2417,9.85,8.86,0.898
2418,14.6,8.42,1.83
2419,17.5,9.19,1.92
2420,18.3,10.2,2.43
2421,12.1,9.49,1.5
2422,16.5,9.8,4.21
2423,16.4,10.7,4.96
2424,7.55,9.86,3.76
2425,2.5,8.68,4.19
2426,1.73,7.4,4.23
2427,1.44,6.89,5.45
2428,18.5,8.19,2.51
2429,16.2,8.48,3.92
2430,11.5,7.86,1.27
2431,13.2,7.68,2.41
2432,15.6,8.37,3.26
2433,15.5,8.85,3.43
2434,15,9.09,3.44
2435,8.61,8.16,0.822
2436,15,7.72,1.99
2437,17.6,8.83,2.15
2438,16.6,9.72,3.16
2439,14.9,9.8,3.19
2440,9.82,8.85,0.883
2441,14.7,8.44,1.84
2442,17.5,9.19,1.92
2443,18.3,10.2,2.45
2444,12.1,9.49,1.5
2445,16.6,9.85,4.34
2446,15.9,10.7,4.85
2447,7.45,9.84,3.75
2448,2.5,8.68,4.19
2449,1.72,7.39,4.24
2450,1.41,6.89,5.44
2451,15,6.45,3.14
2452,17.9,7.43,3.76
2453,18.5,8.26,2.4
2454,15.9,8.49,4.06
2455,11.4,7.85,1.26
2456,13,7.67,2.26
2457,15.4,8.19,3.12
2458,15.5,8.82,3.47
2459,15,9.09,3.44
2460,8.61,8.16,0.822
2461,14.6,7.66,2.02
2462,17.5,8.77,2.13
2463,16.7,9.7,3.14
2464,15,9.8,3.25
2465,9.82,8.85,0.883
2466,14.6,8.42,1.83
2467,17.4,9.16,1.9
2468,18.3,10.2,2.42
2469,11.9,9.51,1.45
2470,16.5,9.78,4.15
2471,16.4,10.7,5.08
2472,7.6,9.86,3.77
2473,2.5,8.69,4.2
2474,1.72,7.39,4.24
2475,1.49,6.89,5.47
2476,16.3,6.64,3.4
2477,17.9,7.48,3.77
2478,18.5,8.28,2.38
2479,16,8.48,3.99
2480,11.4,7.85,1.26
2481,12.9,7.67,2.19
2482,15.4,8.17,3.09
2483,15.5,8.82,3.47
2484,15,9.08,3.45
2485,8.61,8.16,0.822
2486,14.3,7.64,2
2487,17.5,8.75,2.12
2488,16.7,9.7,3.14
2489,15,9.8,3.25
2490,9.85,8.86,0.898
2491,14.4,8.4,1.81
2492,17.4,9.16,1.9
2493,18.5,10.1,2.35
2494,12,9.52,1.46
2495,16.5,9.78,4.15
2496,16.5,10.7,5.12
2497,7.66,9.87,3.78
2498,2.5,8.69,4.2
2499,1.72,7.39,4.24
2500,1.49,6.89,5.47
2501,18.4,8.37,2.57
2502,16,8.48,3.99
2503,11.4,7.85,1.26
2504,13,7.67,2.26
2505,15.4,8.19,3.12
2506,15.5,8.82,3.47
2507,15,9.09,3.44
2508,8.61,8.16,0.822
2509,14.4,7.65,2.02
2510,17.5,8.75,2.12
2511,16.7,9.7,3.14
2512,15,9.8,3.25
2513,9.82,8.85,0.883
2514,14.4,8.4,1.81
2515,17.4,9.16,1.9
2516,18.3,10.2,2.42
2517,11.9,9.51,1.45
2518,16.5,9.78,4.15
2519,16.4,10.7,5.08
2520,7.6,9.86,3.77
2521,2.5,8.69,4.2
2522,1.72,7.39,4.24
2523,1.49,6.89,5.47
2524,18.5,8.13,2.64
2525,16,8.48,3.99
2526,11.4,7.85,1.26
2527,12.9,7.67,2.19
2528,15.4,8.17,3.09
2529,15.5,8.82,3.47
2530,15,9.08,3.45
2531,8.61,8.16,0.822
2532,14.3,7.64,2
2533,17.5,8.75,2.12
2534,16.7,9.7,3.14
2535,15,9.8,3.25
2536,9.85,8.86,0.898
2537,14.4,8.4,1.81
2538,17.4,9.16,1.9
2539,18.3,10.2,2.42
2540,12,9.52,1.46
2541,16.5,9.78,4.15
2542,16.5,10.7,5.12
2543,7.66,9.87,3.78
2544,2.5,8.69,4.2
2545,1.72,7.39,4.24
2546,1.49,6.89,5.47
2547,18.5,8.28,2.38
2548,15.9,8.49,4.06
2549,11.4,7.85,1.26
2550,13,7.67,2.26
2551,15.4,8.19,3.12
2552,15.5,8.82,3.47
2553,15,9.09,3.44
2554,8.57,8.15,0.803
2555,14.6,7.66,2.02
2556,17.5,8.77,2.13
2557,16.7,9.7,3.14
2558,15,9.8,3.25
2559,9.82,8.85,0.883
2560,14.6,8.42,1.83
2561,17.4,9.16,1.9
2562,18.3,10.2,2.43
2563,11.9,9.51,1.45
2564,16.5,9.78,4.15
2565,16.4,10.7,5.08
2566,7.6,9.86,3.77
2567,2.5,8.69,4.2
2568,1.72,7.39,4.24
2569,1.46,6.89,5.46
2570,15.1,6.47,3.16
2571,17.9,7.46,3.77
2572,18.5,8.26,2.4
2573,16,8.48,3.99
2574,11.4,7.85,1.26
2575,13.1,7.68,2.33
2576,15.6,8.35,3.24
2577,15.5,8.84,3.44
2578,15,9.09,3.44
2579,8.57,8.15,0.803
2580,14.7,7.68,2.01
2581,17.5,8.8,2.14
2582,16.6,9.71,3.15
2583,15,9.8,3.25
2584,9.78,8.84,0.869
2585,14.6,8.42,1.83
2586,17.5,9.19,1.92
2587,13,9.58,1.6
2588,12.9,9.56,1.66
2589,16.5,9.8,4.21
2590,16.4,10.7,5.02
2591,7.55,9.86,3.76
2592,2.5,8.68,4.19
2593,1.73,7.4,4.23
2594,1.44,6.89,5.45
2595,16.4,6.66,3.42
2596,17.9,7.48,3.77
2597,18.5,8.28,2.38
2598,16,8.48,3.99
2599,11.4,7.85,1.26
2600,13.1,7.68,2.33
2601,15.6,8.35,3.24
2602,15.5,8.82,3.47
2603,15,9.09,3.44
2604,8.57,8.15,0.803
2605,14.7,7.68,2.01
2606,17.5,8.8,2.14
2607,16.6,9.71,3.15
2608,15,9.8,3.25
2609,9.78,8.84,0.869
2610,14.6,8.42,1.83
2611,17.4,9.16,1.9
2612,18.3,10.2,2.43
2613,11.9,9.51,1.45
2614,16.5,9.8,4.21
2615,16.4,10.7,5.02
2616,7.55,9.86,3.76
2617,2.5,8.68,4.19
2618,1.73,7.4,4.23
2619,1.46,6.89,5.46
2620,18.4,8.38,2.63
2621,15.9,8.49,4.06
2622,11.4,7.85,1.26
2623,13.1,7.68,2.33
2624,15.4,8.19,3.12
2625,15.5,8.82,3.47
2626,15,9.09,3.44
2627,8.57,8.15,0.803
2628,14.6,7.66,2.02
2629,17.5,8.77,2.13
2630,16.7,9.7,3.14
2631,15,9.8,3.25
2632,9.82,8.85,0.883
2633,14.6,8.42,1.83
2634,17.4,9.16,1.9
2635,18.3,10.2,2.43
2636,11.9,9.51,1.45
2637,16.5,9.78,4.15
2638,16.4,10.7,5.08
2639,7.6,9.86,3.77
2640,2.5,8.69,4.2
2641,1.72,7.39,4.24
2642,1.46,6.89,5.46
2643,18.4,7.9,2.99
2644,18.5,8.29,2.37
2645,15.9,8.49,4.06
2646,11.4,7.85,1.26
2647,13.1,7.68,2.33
2648,15.4,8.19,3.12
2649,15.5,8.82,3.47
2650,15,9.09,3.44
2651,8.57,8.15,0.803
2652,14.6,7.66,2.02
2653,17.5,8.8,2.14
2654,16.6,9.71,3.15
2655,15,9.8,3.25
2656,9.82,8.85,0.883
2657,14.6,8.42,1.83
2658,17.4,9.16,1.9
2659,18.3,10.2,2.43
2660,11.9,9.51,1.45
2661,16.5,9.8,4.21
2662,16.4,10.7,5.08
2663,7.6,9.86,3.77
2664,2.5,8.69,4.2
2665,1.72,7.39,4.24
2666,1.46,6.89,5.46
2667,18.5,8.24,2.42
2668,16,8.48,3.99
2669,11.4,7.85,1.26
2670,13.1,7.68,2.33
2671,15.6,8.35,3.24
2672,15.5,8.84,3.44
2673,15,9.09,3.44
2674,8.57,8.15,0.803
2675,14.7,7.68,2.01
2676,17.5,8.8,2.14
2677,16.6,9.71,3.15
2678,15,9.8,3.25
2679,9.78,8.84,0.869
2680,14.6,8.42,1.83
2681,17.4,9.16,1.9
2682,18.3,10.2,2.43
2683,11.9,9.51,1.45
2684,16.5,9.8,4.21
2685,16.4,10.7,5.02
2686,7.55,9.86,3.76
2687,2.5,8.68,4.19
2688,1.73,7.4,4.23
2689,1.46,6.89,5.46
2690,20.9,15.2,2.03
2691,21.7,16.1,2.12
2692,21.6,16.5,2.12
2693,20.4,16.6,1.44
2694,14.8,15.1,0.787
2695,21.9,15.6,1.87
2696,23.5,16.9,2.18
2697,23.6,17.4,2.34
2698,22,17.2,1.62
2699,15.5,15.5,0.735
2700,24,15.8,2.34
2701,25.1,16.5,1.93
2702,25.2,17,2
2703,23.4,17.1,1.27
2704,17.9,16.2,2.13
2705,10.5,15.5,3.34
2706,10.7,15.4,2.09
2707,10.5,14.3,2.08
2708,17.1,15.1,4.53
2709,17,15.8,4.15
2710,15.2,15.7,2.59
2711,13.1,14.7,1.82
2712,16.9,15.2,4.2
2713,17.8,15.6,4.25
2714,16.9,15.6,2.96
2715,14.1,14.6,1.8
2716,20.9,15.2,2.07
2717,21.7,16.1,2.12
2718,21.6,16.5,2.12
2719,20.4,16.6,1.44
2720,14.8,15.1,0.787
2721,21.9,15.6,1.87
2722,23.5,16.9,2.18
2723,23.6,17.4,2.34
2724,22,17.2,1.62
2725,15.5,15.5,0.735
2726,24,15.8,2.34
2727,25.1,16.5,1.93
2728,25.2,17,2
2729,23.4,17.1,1.27
2730,17.9,16.2,2.14
2731,10.5,15.5,3.34
2732,10.7,15.4,2.09
2733,10.5,14.3,2.08
2734,17.1,15.1,4.53
2735,17,15.8,4.15
2736,15.2,15.7,2.59
2737,13.1,14.7,1.82
2738,16.9,15.2,4.2
2739,17.8,15.6,4.25
2740,16.9,15.6,2.96
2741,14.1,14.6,1.8
2742,21.1,15.3,2.21
2743,21.7,16.1,2.12
2744,21.6,16.5,2.12
2745,20.4,16.6,1.4
2746,14.8,15.1,0.784
2747,21.9,15.6,1.87
2748,23.5,16.9,2.18
2749,23.6,17.4,2.34
2750,22,17.2,1.62
2751,16,15.5,0.82
2752,24.1,15.8,2.36
2753,25.3,16.6,2.05
2754,25.2,17,2
2755,23.4,17.1,1.27
2756,17.5,16.2,2.2
2757,10.5,15.5,3.34
2758,10.7,15.4,2.09
2759,10.5,14.3,2.08
2760,17.1,15.1,4.53
2761,17,15.8,4.15
2762,15.2,15.7,2.59
2763,13.1,14.7,1.83
2764,16.9,15.2,4.2
2765,17.8,15.6,4.25
2766,16.8,15.6,2.87
2767,14.1,14.6,1.8
2768,21.3,15.5,2.25
2769,21.7,16.1,2.12
2770,21.6,16.5,2.12
2771,20.4,16.6,1.44
2772,15.3,15.1,0.867
2773,22.1,15.8,1.81
2774,23.5,16.9,2.18
2775,23.6,17.4,2.34
2776,22,17.2,1.62
2777,16,15.5,0.82
2778,24.1,15.8,2.36
2779,25.1,16.5,1.9
2780,25.2,17,2
2781,23.4,17.1,1.27
2782,17.9,16.2,2.14
2783,10.5,15.5,3.34
2784,10.7,15.4,2.09
2785,10.5,14.3,2.08
2786,17.1,15.1,4.53
2787,17,15.8,4.15
2788,15.2,15.7,2.59
2789,13.1,14.7,1.82
2790,16.9,15.2,4.2
2791,17.8,15.6,4.25
2792,16.9,15.6,2.96
2793,14.1,14.6,1.8
2794,21.4,15.6,2.19
2795,21.7,16.1,2.12
2796,21.6,16.5,2.12
2797,20.4,16.6,1.44
2798,14.8,15.1,0.787
2799,21.9,15.6,1.87
2800,23.5,16.9,2.18
2801,23.6,17.4,2.34
2802,22,17.2,1.62
2803,16,15.5,0.82
2804,24,15.8,2.34
2805,25.1,16.5,1.93
2806,25.2,17,2
2807,23.4,17.1,1.27
2808,17.9,16.2,2.14
2809,10.5,15.5,3.34
2810,10.7,15.4,2.09
2811,10.5,14.3,2.08
2812,17.1,15.1,4.53
2813,17,15.8,4.15
2814,15.2,15.7,2.59
2815,13.1,14.7,1.82
2816,16.9,15.2,4.2
2817,17.8,15.6,4.25
2818,16.9,15.6,2.96
2819,14.1,14.6,1.8
2820,20.9,15.2,2.03
2821,21.7,16.1,2.12
2822,21.6,16.6,2.11
2823,20.4,16.6,1.4
2824,14.8,15.1,0.784
2825,21.9,15.6,1.87
2826,23.5,16.9,2.19
2827,23.6,17.4,2.35
2828,22,17.2,1.62
2829,16,15.5,0.82
2830,24.1,15.8,2.36
2831,25.3,16.6,2.05
2832,25.2,17,1.98
2833,23.3,17.1,1.25
2834,17.5,16.2,2.2
2835,10.5,15.5,3.36
2836,10.7,15.4,2.08
2837,10.5,14.3,2.08
2838,17.1,15.1,4.53
2839,17,15.8,4.15
2840,15.2,15.7,2.52
2841,13.1,14.7,1.83
2842,16.9,15.2,4.2
2843,17.8,15.6,4.25
2844,16.8,15.6,2.87
2845,14.1,14.6,1.8
2846,20.9,15.2,2.07
2847,21.7,16.1,2.12
2848,21.6,16.6,2.11
2849,20.4,16.6,1.4
2850,14.8,15.1,0.784
2851,21.9,15.6,1.87
2852,23.5,16.9,2.19
2853,23.6,17.4,2.35
2854,22,17.2,1.62
2855,16,15.5,0.82
2856,24.1,15.8,2.38
2857,25.3,16.6,2.05
2858,25.2,17,1.98
2859,23.3,17.1,1.25
2860,17.4,16.2,2.21
2861,10.5,15.5,3.38
2862,10.7,15.4,2.08
2863,10.5,14.3,2.08
2864,17.1,15.1,4.55
2865,17,15.8,4.15
2866,15.2,15.7,2.52
2867,13.1,14.7,1.83
2868,16.9,15.2,4.23
2869,17.8,15.6,4.25
2870,16.8,15.6,2.87
2871,14.1,14.6,1.8
2872,21.1,15.4,2.27
2873,21.7,16.1,2.12
2874,21.6,16.6,2.11
2875,20.4,16.6,1.4
2876,14.8,15.1,0.784
2877,21.9,15.6,1.87
2878,23.5,16.9,2.19
2879,23.6,17.4,2.35
2880,22,17.2,1.62
2881,16,15.5,0.82
2882,24.1,15.8,2.38
2883,25.3,16.6,2.05
2884,25.2,17,1.98
2885,23.3,17.1,1.25
2886,17.4,16.2,2.21
2887,10.5,15.5,3.36
2888,10.7,15.4,2.08
2889,10.5,14.3,2.08
2890,17.1,15.1,4.55
2891,17,15.8,4.15
2892,15.2,15.7,2.52
2893,13.1,14.7,1.83
2894,16.9,15.2,4.23
2895,17.8,15.6,4.25
2896,16.8,15.6,2.87
2897,14.1,14.6,1.8
2898,21.4,15.6,2.25
2899,21.7,16.1,2.12
2900,21.6,16.6,2.11
2901,19.6,16.5,1.31
2902,15.2,15,0.863
2903,21.9,15.6,1.87
2904,23.5,16.9,2.19
2905,23.6,17.4,2.35
2906,21.1,17.1,1.38
2907,16,15.5,0.82
2908,24.1,15.8,2.38
2909,25.3,16.6,2.04
2910,25.2,17,1.94
2911,23.3,17.1,1.25
2912,17.4,16.2,2.21
2913,10.5,15.5,3.38
2914,10.7,15.4,2.08
2915,10.5,14.3,2.08
2916,17.1,15.1,4.55
2917,17,15.8,4.15
2918,15.2,15.7,2.52
2919,13.1,14.7,1.83
2920,16.9,15.2,4.23
2921,17.8,15.6,4.25
2922,16.8,15.6,2.87
2923,14.1,14.6,1.8
2924,21.5,15.7,2.12
2925,21.7,16.1,2.12
2926,21.6,16.6,2.11
2927,20.4,16.6,1.4
2928,14.8,15.1,0.784
2929,21.9,15.6,1.87
2930,23.5,16.9,2.19
2931,23.6,17.4,2.35
2932,22,17.2,1.62
2933,16,15.5,0.82
2934,24.1,15.8,2.38
2935,25.3,16.6,2.05
2936,25.2,17,1.98
2937,23.3,17.1,1.25
2938,17.5,16.2,2.2
2939,10.5,15.5,3.36
2940,10.7,15.4,2.08
2941,10.5,14.3,2.08
2942,17.1,15.1,4.53
2943,17,15.8,4.15
2944,15.2,15.7,2.52
2945,13.1,14.7,1.83
2946,16.9,15.2,4.23
2947,17.8,15.6,4.25
2948,16.8,15.6,2.87
2949,14.1,14.6,1.8
2950,20.8,15.2,2.01
2951,21.7,16.1,2.12
2952,21.6,16.6,2.1
2953,20.3,16.6,1.36
2954,15.3,15.1,0.871
2955,22,15.7,1.86
2956,23.5,16.9,2.2
2957,23.6,17.4,2.35
2958,20.9,17.1,1.28
2959,15.9,15.5,0.82
2960,24.2,15.8,2.4
2961,25.3,16.6,2.03
2962,25.2,17,1.94
2963,23.3,17.1,1.22
2964,17.4,16.2,2.22
2965,10.5,15.5,3.41
2966,10.7,15.4,2.08
2967,10.5,14.3,2.08
2968,17.1,15.2,4.57
2969,17,15.8,4.16
2970,15.1,15.7,2.44
2971,13.3,14.7,1.94
2972,17,15.2,4.27
2973,17.9,15.6,4.31
2974,16.8,15.6,2.77
2975,14.1,14.6,1.81
2976,20.9,15.2,2.07
2977,21.7,16.1,2.12
2978,21.6,16.6,2.1
2979,20.3,16.6,1.36
2980,15.3,15.1,0.867
2981,22,15.7,1.86
2982,23.5,16.9,2.2
2983,23.6,17.4,2.36
2984,20.8,17.1,1.24
2985,15.9,15.5,0.82
2986,24.2,15.9,2.41
2987,25.3,16.6,2.03
2988,25.1,17,1.89
2989,23.3,17.1,1.22
2990,17.4,16.1,2.23
2991,10.5,15.5,3.41
2992,10.7,15.4,2.08
2993,10.5,14.3,2.08
2994,17.1,15.2,4.57
2995,16.9,15.8,4.16
2996,15.1,15.7,2.44
2997,13.3,14.7,1.94
2998,17,15.2,4.27
2999,17.9,15.6,4.34
3000,16.7,15.6,2.65
3001,14.1,14.6,1.81
3002,21.1,15.4,2.24
3003,21.7,16.1,2.12
3004,21.6,16.6,2.1
3005,20.3,16.6,1.36
3006,15.3,15.1,0.871
3007,22,15.7,1.86
3008,23.5,16.9,2.2
3009,23.6,17.4,2.36
3010,20.9,17.1,1.28
3011,15.9,15.5,0.82
3012,24.2,15.8,2.4
3013,25.3,16.6,2.03
3014,25.2,17,1.94
3015,23.3,17.1,1.22
3016,17.4,16.2,2.22
3017,10.5,15.5,3.41
3018,10.7,15.4,2.08
3019,10.5,14.3,2.08
3020,17.1,15.2,4.57
3021,17,15.8,4.16
3022,15.1,15.7,2.44
3023,13.3,14.7,1.94
3024,17,15.2,4.27
3025,17.9,15.6,4.31
3026,16.8,15.6,2.77
3027,14.1,14.6,1.81
3028,21.3,15.6,2.26
3029,21.7,16.1,2.12
3030,21.6,16.6,2.1
3031,20.3,16.6,1.36
3032,15.3,15.1,0.867
3033,22,15.7,1.86
3034,23.5,16.9,2.2
3035,23.6,17.4,2.36
3036,20.9,17.1,1.28
3037,15.9,15.5,0.82
3038,24.2,15.8,2.4
3039,25.3,16.6,2.03
3040,25.1,17,1.89
3041,23.3,17.1,1.22
3042,17.4,16.2,2.22
3043,10.5,15.5,3.41
3044,10.7,15.4,2.08
3045,10.5,14.3,2.08
3046,17.1,15.2,4.57
3047,16.9,15.8,4.16
3048,15.1,15.7,2.44
3049,13.3,14.7,1.94
3050,17,15.2,4.27
3051,17.9,15.6,4.31
3052,16.8,15.6,2.77
3053,14.1,14.6,1.81
3054,21.5,15.7,2.12
3055,21.7,16.1,2.12
3056,21.6,16.6,2.1
3057,20.3,16.6,1.36
3058,15.3,15.1,0.871
3059,22,15.7,1.86
3060,23.5,16.9,2.19
3061,23.6,17.4,2.35
3062,21,17.1,1.33
3063,15.9,15.5,0.82
3064,24.2,15.8,2.4
3065,25.3,16.6,2.03
3066,25.2,17,1.94
3067,23.3,17.1,1.25
3068,17.4,16.2,2.22
3069,10.5,15.5,3.38
3070,10.7,15.4,2.08
3071,10.5,14.3,2.08
3072,17.1,15.2,4.57
3073,17,15.8,4.16
3074,15.1,15.7,2.44
3075,13.3,14.7,1.94
3076,17,15.2,4.27
3077,17.9,15.6,4.31
3078,16.8,15.6,2.77
3079,14.1,14.6,1.81
3080,20.8,15.2,2.01
3081,21.7,16.1,2.12
3082,21.6,16.6,2.1
3083,20.4,16.6,1.4
3084,15.3,15.1,0.871
3085,21.9,15.7,1.87
3086,23.5,16.9,2.19
3087,23.6,17.4,2.35
3088,21.1,17.1,1.38
3089,15.9,15.5,0.821
3090,24.1,15.8,2.38
3091,25.3,16.6,2.04
3092,25.2,17,1.94
3093,23.3,17.1,1.25
3094,17.4,16.2,2.22
3095,10.5,15.5,3.38
3096,10.7,15.4,2.08
3097,10.5,14.3,2.08
3098,17.1,15.1,4.55
3099,17,15.8,4.15
3100,15.2,15.7,2.52
3101,13.3,14.7,1.94
3102,16.9,15.2,4.23
3103,17.8,15.6,4.28
3104,16.8,15.6,2.87
3105,14.1,14.6,1.8
3106,21,15.3,2.13
3107,21.7,16.1,2.12
3108,21.6,16.6,2.1
3109,20.4,16.6,1.4
3110,15.3,15.1,0.871
3111,21.9,15.7,1.87
3112,23.5,16.9,2.19
3113,23.6,17.4,2.35
3114,21,17.1,1.33
3115,15.9,15.5,0.821
3116,24.2,15.8,2.4
3117,25.3,16.6,2.04
3118,25.2,17,1.94
3119,23.3,17.1,1.25
3120,17.4,16.2,2.22
3121,10.5,15.5,3.38
3122,10.7,15.4,2.08
3123,10.5,14.3,2.08
3124,17.1,15.1,4.55
3125,17,15.8,4.15
3126,15.2,15.7,2.52
3127,13.3,14.7,1.94
3128,17,15.2,4.25
3129,17.8,15.6,4.28
3130,16.8,15.6,2.77
3131,14.1,14.6,1.8
3132,21.1,15.4,2.24
3133,21.7,16.1,2.12
3134,21.6,16.6,2.1
3135,20.3,16.6,1.36
3136,15.3,15.1,0.871
3137,22,15.7,1.86
3138,23.5,16.9,2.19
3139,23.6,17.4,2.35
3140,21,17.1,1.33
3141,15.9,15.5,0.82
3142,24.2,15.8,2.4
3143,25.3,16.6,2.03
3144,25.2,17,1.94
3145,23.3,17.1,1.25
3146,17.4,16.2,2.22
3147,10.5,15.5,3.38
3148,10.7,15.4,2.08
3149,10.5,14.3,2.08
3150,17.1,15.1,4.55
3151,17,15.8,4.15
3152,15.2,15.7,2.52
3153,13.3,14.7,1.94
3154,17,15.2,4.27
3155,17.8,15.6,4.28
3156,16.8,15.6,2.77
3157,14.1,14.6,1.81
3158,21.4,15.6,2.25
3159,21.7,16.1,2.12
3160,21.6,16.6,2.1
3161,20.4,16.6,1.4
3162,15.3,15.1,0.871
3163,22,15.7,1.86
3164,23.5,16.9,2.19
3165,23.6,17.4,2.35
3166,21,17.1,1.33
3167,15.9,15.5,0.82
3168,24.2,15.8,2.4
3169,25.3,16.6,2.03
3170,25.2,17,1.94
3171,23.3,17.1,1.25
3172,17.4,16.2,2.22
3173,10.5,15.5,3.38
3174,10.7,15.4,2.08
3175,10.5,14.3,2.08
3176,17.1,15.1,4.55
3177,17,15.8,4.15
3178,15.2,15.7,2.52
3179,13.3,14.7,1.94
3180,17,15.2,4.25
3181,17.8,15.6,4.28
3182,16.8,15.6,2.77
3183,14.1,14.6,1.8
3184,21.5,15.7,2.12
3185,21.7,16.1,2.12
3186,21.6,16.6,2.1
3187,20.4,16.6,1.4
3188,15.3,15.1,0.871
3189,21.9,15.7,1.87
3190,23.5,16.9,2.19
3191,23.6,17.4,2.35
3192,21,17.1,1.33
3193,15.9,15.5,0.821
3194,24.1,15.8,2.38
3195,25.3,16.6,2.04
3196,25.2,17,1.94
3197,23.3,17.1,1.25
3198,17.4,16.2,2.22
3199,10.5,15.5,3.38
3200,10.7,15.4,2.08
3201,10.5,14.3,2.08
3202,17.1,15.1,4.55
3203,17,15.8,4.15
3204,15.2,15.7,2.52
3205,13.3,14.7,1.94
3206,17,15.2,4.25
3207,17.8,15.6,4.28
3208,16.8,15.6,2.77
3209,14.1,14.6,1.8
3210,11.1,10.1,1.01
3211,8.32,9.3,0.715
3212,11.3,9.3,0.598
3213,11.8,9.69,0.988
3214,8.84,9.38,0.808
3215,10.7,9.19,1.37
3216,11.6,9.78,1.42
3217,7.11,8.99,1.64
3218,4.47,9.09,1.44
3219,5.06,8.65,1.56
3220,3.01,7.94,1.5
3221,12.7,11,2.48
3222,12.7,12.6,2.37
3223,5.07,11.3,1.32
3224,11.5,11,2.02
3225,12.6,12.5,2.04
3226,11.9,13.3,1.76
3227,4.9,11.3,1.31
3228,11.2,10.6,1.2
3229,13.8,11.6,1.38
3230,13.5,12.6,0.696
3231,7.27,11.4,0.899
3232,16.9,11.4,1.58
3233,19.8,13.3,1.22
3234,16.4,14.7,1.91
3235,13.1,13.3,0.908
3236,13.2,13.6,0.96
3237,10.3,10.1,0.92
3238,8.33,9.31,0.715
3239,11.3,9.27,0.629
3240,11.8,9.67,0.959
3241,8.87,9.41,0.778
3242,10.6,9.18,1.36
3243,11.6,9.76,1.4
3244,7.15,9,1.63
3245,4.55,9.1,1.44
3246,5.06,8.64,1.56
3247,3.02,7.94,1.5
3248,13,11.2,2.54
3249,12.7,12.5,2.38
3250,5.18,11.3,1.33
3251,11.2,10.6,2.03
3252,12.5,12.5,2.06
3253,12,13.3,1.79
3254,5,11.4,1.32
3255,11.1,10.6,1.18
3256,13.8,11.6,1.41
3257,13.8,12.5,0.87
3258,6.84,11.5,0.835
3259,16.1,11,1.64
3260,19.7,13.3,1.28
3261,16.6,14.7,1.85
3262,13.1,13.3,0.914
3263,13.1,13.7,0.976
3264,12.2,10.1,1.1
3265,9.98,10.1,0.837
3266,8.33,9.31,0.715
3267,11.3,9.29,0.609
3268,11.8,9.68,0.974
3269,8.87,9.41,0.778
3270,10.6,9.19,1.36
3271,11.6,9.77,1.42
3272,7.14,9,1.63
3273,4.53,9.1,1.44
3274,5.06,8.64,1.56
3275,3.02,7.94,1.5
3276,13.2,11.4,2.53
3277,12.7,12.5,2.38
3278,5.14,11.3,1.33
3279,11.2,10.6,2.03
3280,12.5,12.5,2.06
3281,12,13.3,1.79
3282,4.97,11.4,1.32
3283,11.1,10.6,1.18
3284,13.8,11.6,1.41
3285,13.8,12.5,0.87
3286,6.82,11.5,0.838
3287,16.2,11,1.63
3288,19.8,13.3,1.26
3289,16.6,14.7,1.87
3290,13.1,13.3,0.912
3291,13.1,13.7,0.976
3292,10.6,10.1,0.958
3293,8.33,9.31,0.715
3294,11.3,9.29,0.604
3295,11.8,9.68,0.977
3296,8.85,9.41,0.776
3297,10.6,9.19,1.37
3298,11.6,9.77,1.43
3299,7.13,9,1.64
3300,4.49,9.09,1.44
3301,5.06,8.65,1.56
3302,3.01,7.94,1.5
3303,12.7,12.6,2.37
3304,5.11,11.3,1.33
3305,11.2,10.7,2.04
3306,12.5,12.5,2.04
3307,11.9,13.3,1.79
3308,4.95,11.3,1.32
3309,11.1,10.6,1.18
3310,13.8,11.6,1.4
3311,13.8,12.5,0.855
3312,7.29,11.4,0.896
3313,16.8,11.3,1.58
3314,19.8,13.3,1.26
3315,16.6,14.7,1.87
3316,13.1,13.3,0.91
3317,13.1,13.7,0.97
3318,11.1,10.1,1.02
3319,8.48,9.28,0.713
3320,11.4,9.33,0.586
3321,11.4,9.72,0.872
3322,8.82,9.37,0.813
3323,10.8,9.21,1.38
3324,11.6,9.79,1.42
3325,7.07,8.98,1.64
3326,4.41,9.09,1.43
3327,5.05,8.65,1.55
3328,3,7.94,1.49
3329,12.8,11,2.5
3330,12.7,12.6,2.36
3331,4.98,11.3,1.32
3332,11.6,11,1.98
3333,12.6,12.5,2.05
3334,11.8,13.3,1.75
3335,4.83,11.3,1.32
3336,11.3,10.6,1.21
3337,13.8,11.7,1.35
3338,13.5,12.6,0.657
3339,7.21,11.4,0.906
3340,17,11.4,1.58
3341,19.9,13.4,1.22
3342,16.4,14.7,1.92
3343,13.1,13.3,0.909
3344,13.2,13.6,0.949
3345,10.1,10.1,0.945
3346,8.48,9.28,0.713
3347,11.3,9.32,0.591
3348,11.8,9.69,1.01
3349,8.83,9.38,0.811
3350,10.7,9.2,1.37
3351,11.6,9.78,1.42
3352,7.09,8.99,1.64
3353,4.43,9.09,1.44
3354,5.05,8.65,1.55
3355,3,7.94,1.49
3356,13,11.2,2.53
3357,12.7,12.6,2.37
3358,5.02,11.3,1.32
3359,11.5,11,2.01
3360,12.6,12.5,2.05
3361,11.9,13.3,1.75
3362,4.88,11.3,1.31
3363,11.2,10.6,1.21
3364,13.8,11.7,1.35
3365,13.5,12.6,0.677
3366,7.23,11.4,0.904
3367,17,11.4,1.58
3368,19.9,13.4,1.22
3369,16.4,14.7,1.92
3370,13.1,13.3,0.909
3371,13.2,13.6,0.96
3372,12.2,10.1,1.12
3373,10,10.1,0.873
3374,8.48,9.28,0.713
3375,11.4,9.34,0.593
3376,11.2,9.75,0.858
3377,8.7,9.34,0.834
3378,10.8,9.21,1.39
3379,11.5,9.82,1.38
3380,7.07,8.98,1.64
3381,4.38,9.08,1.42
3382,5.05,8.61,1.56
3383,2.99,7.95,1.49
3384,13.2,11.7,2.62
3385,12.7,12.6,2.36
3386,4.98,11.3,1.32
3387,11.6,11.1,1.98
3388,12.6,12.6,2.05
3389,11.8,13.3,1.76
3390,4.83,11.3,1.32
3391,11.3,10.6,1.21
3392,13.8,11.7,1.32
3393,13.5,12.6,0.651
3394,7.21,11.4,0.906
3395,17,11.4,1.59
3396,19.9,13.4,1.22
3397,16.3,14.7,1.94
3398,13.1,13.3,0.908
3399,13.2,13.6,0.945
3400,10.7,10.1,0.972
3401,8.48,9.28,0.713
3402,11.4,9.33,0.586
3403,11.4,9.73,0.876
3404,8.81,9.37,0.815
3405,10.8,9.21,1.38
3406,11.5,9.82,1.38
3407,7.07,8.98,1.64
3408,4.39,9.08,1.43
3409,5.05,8.65,1.55
3410,2.99,7.95,1.49
3411,12.7,12.6,2.34
3412,4.98,11.3,1.32
3413,11.6,11.1,1.98
3414,12.6,12.6,2.05
3415,11.8,13.3,1.76
3416,4.83,11.3,1.32
3417,11.3,10.6,1.21
3418,13.8,11.7,1.34
3419,13.5,12.6,0.651
3420,7.21,11.4,0.906
3421,17,11.4,1.59
3422,19.9,13.4,1.22
3423,16.4,14.7,1.92
3424,13.1,13.3,0.909
3425,13.2,13.6,0.949
3426,11,10.1,0.991
3427,8.47,9.27,0.711
3428,11.4,9.36,0.612
3429,11.3,9.75,0.848
3430,8.78,9.36,0.828
3431,11.1,9.31,1.44
3432,11.4,9.83,1.36
3433,7.22,9.01,1.69
3434,4.43,9.02,1.46
3435,5.03,8.62,1.56
3436,2.96,7.95,1.49
3437,12.9,11.2,2.52
3438,12.6,12.6,2.33
3439,4.85,11.2,1.32
3440,11.7,11.1,1.97
3441,12.7,12.8,1.95
3442,11.8,13.3,1.76
3443,4.72,11.3,1.31
3444,11.5,10.6,1.22
3445,13.8,11.8,1.32
3446,13.5,12.6,0.617
3447,7.19,11.4,0.908
3448,17.3,11.5,1.6
3449,19.9,13.4,1.22
3450,16,14.8,2.03
3451,13.1,13.3,0.908
3452,13.2,13.6,0.915
3453,10.1,10.1,0.904
3454,8.47,9.27,0.712
3455,11.4,9.35,0.608
3456,11.4,9.74,0.878
3457,8.8,9.37,0.822
3458,11,9.3,1.44
3459,11.4,9.83,1.37
3460,7.04,8.98,1.65
3461,4.49,9.03,1.47
3462,5.04,8.62,1.56
3463,2.97,7.95,1.49
3464,13.2,11.4,2.55
3465,12.7,12.6,2.34
3466,4.89,11.2,1.32
3467,11.6,11.1,1.98
3468,12.6,12.6,2.04
3469,11.8,13.3,1.77
3470,4.76,11.3,1.31
3471,11.4,10.6,1.22
3472,13.8,11.6,1.41
3473,13.5,12.6,0.64
3474,7.21,11.4,0.906
3475,17.1,11.5,1.6
3476,19.9,13.4,1.22
3477,16.1,14.8,2.01
3478,13.1,13.3,0.91
3479,13.2,13.6,0.92
3480,12.1,10.1,1.14
3481,10,10.1,0.873
3482,8.47,9.27,0.712
3483,11.4,9.36,0.61
3484,11.3,9.74,0.87
3485,8.79,9.37,0.824
3486,11,9.3,1.44
3487,11.4,9.83,1.36
3488,7.04,8.98,1.65
3489,4.45,9.02,1.46
3490,5.03,8.62,1.56
3491,2.97,7.95,1.49
3492,13.2,11.7,2.67
3493,12.7,12.6,2.33
3494,4.87,11.2,1.32
3495,11.6,11.1,1.98
3496,12.7,12.6,2.03
3497,11.8,13.3,1.76
3498,4.76,11.3,1.31
3499,11.4,10.6,1.22
3500,13.8,11.8,1.32
3501,13.5,12.6,0.629
3502,7.21,11.4,0.906
3503,17.2,11.5,1.6
3504,19.9,13.4,1.22
3505,16.1,14.8,2.01
3506,13.1,13.3,0.908
3507,13.2,13.6,0.915
3508,10.6,10.1,0.93
3509,8.47,9.27,0.712
3510,11.4,9.35,0.611
3511,11.3,9.74,0.87
3512,8.79,9.37,0.824
3513,11,9.3,1.44
3514,11.4,9.83,1.36
3515,7.04,8.98,1.65
3516,4.45,9.02,1.46
3517,5.04,8.62,1.56
3518,2.97,7.95,1.49
3519,12.6,12.6,2.33
3520,4.87,11.2,1.32
3521,11.6,11.1,1.98
3522,12.7,12.6,2.03
3523,11.8,13.3,1.76
3524,4.76,11.3,1.31
3525,11.4,10.6,1.22
3526,13.8,11.8,1.33
3527,13.5,12.6,0.629
3528,7.21,11.4,0.906
3529,17.2,11.5,1.6
3530,19.9,13.4,1.22
3531,16.1,14.8,2.01
3532,13.1,13.3,0.91
3533,13.2,13.6,0.915
3534,10.3,10.1,0.934
3535,8.62,9.25,0.694
3536,11.6,9.43,0.726
3537,11.3,9.76,0.843
3538,8.82,9.33,0.871
3539,11.2,9.33,1.44
3540,11.4,9.84,1.33
3541,7.17,9,1.7
3542,4.3,9,1.44
3543,5.01,8.63,1.55
3544,3.09,7.93,1.51
3545,13,11.2,2.53
3546,12.6,12.7,2.33
3547,5.3,11.2,1.37
3548,11.7,11.2,2
3549,12.7,12.7,1.96
3550,11.2,13.2,1.71
3551,4.98,11.2,1.29
3552,11.6,10.7,1.23
3553,13.8,11.9,1.27
3554,13.5,12.7,0.602
3555,7.1,11.4,0.918
3556,17.5,11.6,1.57
3557,19.9,13.4,1.22
3558,15.9,14.8,2.1
3559,13,13.4,1.01
3560,13.2,13.6,0.885
3561,9.54,10,0.889
3562,8.62,9.26,0.694
3563,11.6,9.42,0.725
3564,11.3,9.76,0.843
3565,8.76,9.36,0.833
3566,11.1,9.32,1.44
3567,11.4,9.84,1.35
3568,7.19,9.01,1.7
3569,4.32,9,1.44
3570,5.02,8.62,1.55
3571,3.1,7.93,1.51
3572,13.3,11.5,2.56
3573,12.6,12.7,2.32
3574,5.27,11.2,1.37
3575,11.7,11.2,1.99
3576,12.7,12.8,1.95
3577,11.7,13.3,1.78
3578,4.66,11.2,1.3
3579,11.6,10.7,1.23
3580,13.8,11.9,1.28
3581,13.5,12.7,0.604
3582,7.15,11.4,0.912
3583,17.4,11.6,1.59
3584,19.9,13.4,1.22
3585,16,14.8,2.05
3586,13,13.4,1
3587,13.2,13.6,0.901
3588,12.1,10.1,1.14
3589,9.47,10,0.867
3590,8.62,9.26,0.694
3591,11.6,9.43,0.726
3592,11.3,9.76,0.843
3593,8.76,9.36,0.833
3594,11.1,9.33,1.44
3595,11.4,9.84,1.34
3596,7.19,9.01,1.7
3597,4.32,9,1.44
3598,5.02,8.62,1.55
3599,3.09,7.93,1.51
3600,13.3,11.8,2.65
3601,12.6,12.7,2.32
3602,5.27,11.2,1.37
3603,11.7,11.2,1.99
3604,12.7,12.8,1.95
3605,11.7,13.3,1.78
3606,4.66,11.2,1.3
3607,11.6,10.7,1.23
3608,13.8,11.9,1.28
3609,13.5,12.7,0.603
3610,7.15,11.4,0.912
3611,17.4,11.6,1.59
3612,19.9,13.4,1.22
3613,15.9,14.8,2.07
3614,13,13.4,1
3615,13.2,13.6,0.896
3616,9.89,10.1,0.882
3617,8.62,9.26,0.694
3618,11.6,9.42,0.725
3619,11.3,9.75,0.84
3620,8.76,9.36,0.833
3621,11.1,9.32,1.44
3622,11.4,9.84,1.35
3623,7.19,9.01,1.7
3624,4.34,9,1.45
3625,5.02,8.62,1.55
3626,2.96,7.95,1.49
3627,12.6,12.7,2.32
3628,5.25,11.2,1.37
3629,11.7,11.2,1.99
3630,12.7,12.8,1.95
3631,11.7,13.3,1.78
3632,4.68,11.3,1.3
3633,11.6,10.6,1.22
3634,13.8,11.9,1.28
3635,13.5,12.7,0.604
3636,7.15,11.4,0.912
3637,17.4,11.6,1.59
3638,19.9,13.5,1.21
3639,16,14.8,2.05
3640,13,13.4,1
3641,13.2,13.6,0.901
3642,18.4,9.93,2.39
3643,17.6,10.4,2.82
3644,15.9,10.4,3.53
3645,11.2,9.37,1.16
3646,16,9.46,3.38
3647,16.8,10.5,5.24
3648,15.3,10.8,4.73
3649,6.97,9.76,3.77
3650,2.47,8.71,4.22
3651,1.57,7.43,4.13
3652,6.04,7.58,6.14
3653,1,6.75,5.45
3654,5.06,6.59,7
3655,1.43,5.82,3.91
3656,2.76,5.67,3.29
3657,19,13.9,4.96
3658,12.9,12.1,2.88
3659,19.8,12.9,2.78
3660,21,14.1,2.69
3661,20.3,14.4,2.28
3662,17.6,14,1.48
3663,12.2,12.2,1.33
3664,18.2,12.6,2.41
3665,20.4,14.2,2.07
3666,20.4,14.6,1.11
3667,18.2,14.3,0.925
3668,11.6,12.3,0.793
3669,21,13,3.26
3670,21.9,13.9,4.49
3671,20.9,14.3,4.45
3672,18.4,14.1,1.21
3673,13.4,12.4,2.11
3674,17.8,13.9,2.69
3675,18.1,14.9,3.29
3676,10.2,12.5,1.04
3677,18.9,13.4,2.09
3678,19.1,14.7,2.52
3679,14.6,13.3,1.35
3680,21.1,14.6,2.89
3681,20.2,15.5,3.24
3682,13.7,13.5,1.53
3683,12.7,13.1,2.09
3684,17.6,10.4,2.81
3685,11.4,9.41,1.27
3686,16.1,9.5,3.49
3687,16.8,10.5,5.24
3688,15.2,10.8,4.73
3689,6.92,9.75,3.77
3690,2.47,8.7,4.2
3691,1.56,7.42,4.13
3692,6.17,7.64,6.14
3693,0.935,6.74,5.46
3694,5.1,6.65,6.82
3695,1.37,5.81,3.88
3696,2.72,5.67,3.26
3697,18.9,13.1,3.84
3698,19.6,13.9,4.69
3699,17.2,13.6,3.67
3700,12.7,11.9,2.76
3701,19.9,13,2.8
3702,21.1,14.3,2.71
3703,20.2,14.4,2.21
3704,17.4,13.9,1.52
3705,12,12.1,1.3
3706,18.3,12.7,2.48
3707,20.5,14.2,2.1
3708,20.4,14.6,1.07
3709,17.9,14.3,0.997
3710,12.1,12.3,0.947
3711,21.1,13.1,3.29
3712,21.9,13.9,4.53
3713,20.9,14.3,4.43
3714,18.3,14,1.01
3715,13.3,12.4,2.14
3716,18,14,2.66
3717,18.1,14.9,3.36
3718,10.5,12.5,1.08
3719,19.1,13.6,2.05
3720,18.7,14.6,2.31
3721,14.6,13.3,1.34
3722,21.2,14.9,2.81
3723,20.2,15.5,3.3
3724,13.7,13.4,1.53
3725,12.8,13.1,2.13
3726,18.4,10,2.36
3727,17.6,10.4,2.82
3728,11.4,9.42,1.28
3729,16,9.46,3.38
3730,16.9,10.4,5.42
3731,15.4,10.8,4.75
3732,6.97,9.76,3.77
3733,2.47,8.71,4.22
3734,1.57,7.43,4.13
3735,6.09,7.6,6.14
3736,0.969,6.75,5.46
3737,5.08,6.6,6.96
3738,1.43,5.82,3.91
3739,2.74,5.67,3.28
3740,19,13.8,4.91
3741,12.9,12.1,2.87
3742,19.8,13,2.79
3743,21.1,14.3,2.71
3744,20.2,14.4,2.26
3745,17.6,14,1.48
3746,12.1,12.2,1.32
3747,18.2,12.6,2.41
3748,20.5,14.2,2.08
3749,20.4,14.6,1.11
3750,18,14.3,0.963
3751,11.5,12.3,0.793
3752,21,13,3.27
3753,21.9,13.9,4.49
3754,20.9,14.3,4.45
3755,18.4,14,1.1
3756,13.3,12.4,2.13
3757,17.8,13.9,2.69
3758,18.1,14.9,3.32
3759,10.6,12.5,1.11
3760,19,13.5,2.08
3761,19.1,14.7,2.51
3762,14.6,13.3,1.35
3763,21.1,14.6,2.89
3764,20.2,15.5,3.24
3765,13.7,13.4,1.53
3766,12.7,13.1,2.08
3767,18.4,10.2,2.32
3768,17.6,10.4,2.82
3769,11.4,9.42,1.28
3770,16,9.46,3.38
3771,16.8,10.5,5.24
3772,15.3,10.8,4.73
3773,6.97,9.76,3.77
3774,2.47,8.71,4.22
3775,1.57,7.43,4.13
3776,6.09,7.6,6.14
3777,0.969,6.75,5.46
3778,5.08,6.6,6.96
3779,1.43,5.82,3.91
3780,2.74,5.67,3.28
3781,18.6,13.8,4.25
3782,12.9,12.1,2.87
3783,19.8,13,2.79
3784,21.1,14.3,2.71
3785,20.2,14.4,2.26
3786,17.6,14,1.48
3787,12.1,12.2,1.32
3788,18.2,12.6,2.41
3789,20.5,14.2,2.08
3790,20.4,14.6,1.11
3791,18,14.3,0.963
3792,11.5,12.3,0.793
3793,21,13,3.27
3794,21.9,13.9,4.49
3795,20.9,14.3,4.45
3796,18.4,14,1.1
3797,13.3,12.4,2.13
3798,17.8,13.9,2.69
3799,18.1,14.9,3.32
3800,10.6,12.5,1.11
3801,19,13.5,2.08
3802,19.1,14.7,2.51
3803,14.6,13.3,1.35
3804,21.1,14.6,2.89
3805,20.2,15.5,3.24
3806,13.7,13.4,1.53
3807,12.7,13.1,2.08
3808,18.3,9.88,2.36
3809,17.5,10.4,2.84
3810,11.4,9.42,1.28
3811,16.1,9.48,3.43
3812,16.8,10.5,5.24
3813,15.3,10.8,4.73
3814,6.92,9.75,3.77
3815,2.47,8.7,4.2
3816,1.57,7.43,4.13
3817,6.09,7.6,6.14
3818,0.969,6.75,5.46
3819,5.08,6.62,6.91
3820,1.41,5.82,3.9
3821,2.74,5.67,3.28
3822,19,13.9,4.96
3823,12.9,12.1,2.87
3824,19.8,13,2.79
3825,21.1,14.3,2.7
3826,20.2,14.4,2.23
3827,17.5,13.9,1.49
3828,12.1,12.2,1.31
3829,18.2,12.7,2.44
3830,20.5,14.2,2.08
3831,20.4,14.6,1.09
3832,18,14.3,0.963
3833,12.1,12.3,0.946
3834,21,13,3.28
3835,21.9,13.9,4.51
3836,20.9,14.3,4.43
3837,18.4,14,1.1
3838,13.3,12.4,2.13
3839,17.9,13.9,2.67
3840,18.1,14.9,3.32
3841,10.5,12.5,1.1
3842,19,13.5,2.06
3843,19.1,14.7,2.51
3844,14.6,13.3,1.34
3845,21.2,14.6,2.88
3846,20.2,15.5,3.28
3847,13.7,13.4,1.53
3848,12.8,13.1,2.13
3849,17.6,10.4,2.81
3850,11.4,9.42,1.28
3851,16.1,9.48,3.43
3852,16.9,10.4,5.43
3853,15.4,10.8,4.75
3854,6.97,9.76,3.77
3855,2.47,8.71,4.22
3856,1.57,7.43,4.13
3857,6.09,7.6,6.14
3858,0.969,6.75,5.46
3859,5.08,6.6,6.96
3860,1.41,5.82,3.9
3861,2.74,5.67,3.28
3862,18.9,13.1,3.84
3863,19.6,13.8,4.62
3864,17.2,13.6,3.69
3865,12.3,11.9,2.78
3866,19.8,13,2.79
3867,21.1,14.3,2.71
3868,20.2,14.4,2.23
3869,17.6,14,1.48
3870,12.1,12.2,1.31
3871,18.2,12.7,2.44
3872,20.5,14.2,2.08
3873,20.4,14.6,1.09
3874,18,14.3,0.963
3875,11.5,12.3,0.793
3876,21,13,3.27
3877,21.9,13.9,4.51
3878,20.9,14.3,4.45
3879,18.4,14,1.1
3880,13.3,12.4,2.13
3881,17.9,13.9,2.67
3882,18.1,14.9,3.32
3883,10.5,12.5,1.1
3884,19,13.5,2.06
3885,19.1,14.7,2.51
3886,14.6,13.3,1.35
3887,21.2,14.6,2.88
3888,20.2,15.5,3.24
3889,13.7,13.4,1.53
3890,12.7,13.1,2.08
3891,18.5,10.1,2.35
3892,17.5,10.4,2.84
3893,11.4,9.42,1.28
3894,16.1,9.48,3.43
3895,16.8,10.5,5.24
3896,15.2,10.8,4.73
3897,6.92,9.75,3.77
3898,2.47,8.7,4.2
3899,1.57,7.43,4.13
3900,6.09,7.6,6.14
3901,0.969,6.75,5.46
3902,5.08,6.62,6.91
3903,1.39,5.81,3.89
3904,2.74,5.67,3.28
3905,19,13.8,4.91
3906,12.9,12.1,2.87
3907,19.8,13,2.79
3908,21.1,14.3,2.7
3909,20.2,14.4,2.23
3910,17.5,13.9,1.49
3911,12.1,12.2,1.31
3912,18.2,12.7,2.44
3913,20.5,14.2,2.08
3914,20.4,14.6,1.09
3915,18,14.3,0.963
3916,12.1,12.3,0.946
3917,21,13,3.28
3918,21.9,13.9,4.51
3919,20.9,14.3,4.43
3920,18.4,14,1.1
3921,13.3,12.4,2.13
3922,17.9,13.9,2.67
3923,18.1,14.9,3.32
3924,10.5,12.5,1.1
3925,19,13.5,2.06
3926,19.1,14.7,2.51
3927,14.6,13.3,1.34
3928,21.2,14.7,2.87
3929,20.2,15.5,3.28
3930,13.7,13.4,1.53
3931,12.8,13.1,2.13
3932,18.4,10.2,2.32
3933,17.5,10.4,2.86
3934,11.4,9.41,1.27
3935,16.1,9.48,3.43
3936,16.8,10.5,5.24
3937,15.3,10.8,4.73
3938,6.92,9.75,3.77
3939,2.47,8.7,4.2
3940,1.56,7.42,4.13
3941,6.09,7.6,6.14
3942,0.935,6.74,5.46
3943,5.09,6.64,6.86
3944,1.37,5.81,3.88
3945,2.72,5.67,3.26
3946,18.6,13.8,4.18
3947,12.8,12.1,2.86
3948,19.9,13,2.8
3949,21.1,14.3,2.71
3950,20.2,14.4,2.23
3951,17.4,13.9,1.52
3952,12.1,12.2,1.31
3953,18.2,12.7,2.44
3954,20.5,14.2,2.08
3955,20.4,14.6,1.09
3956,17.9,14.3,0.997
3957,12.1,12.3,0.947
3958,21.1,13.1,3.29
3959,21.9,13.9,4.51
3960,20.9,14.3,4.43
3961,18.4,14,1.1
3962,13.3,12.4,2.13
3963,17.9,13.9,2.66
3964,18.1,14.9,3.36
3965,10.5,12.5,1.1
3966,19,13.5,2.06
3967,19.1,14.7,2.5
3968,14.6,13.3,1.34
3969,21.2,14.7,2.87
3970,20.2,15.5,3.28
3971,13.7,13.4,1.53
3972,12.8,13.1,2.13
3973,18.3,9.82,2.32
3974,17.6,10.4,2.81
3975,11.2,9.47,1.25
3976,15.9,9.41,3.3
3977,16.9,10.4,5.43
3978,15.4,10.8,4.75
3979,7.07,9.78,3.78
3980,2.47,8.7,4.2
3981,1.56,7.42,4.13
3982,6.24,7.67,6.17
3983,0.834,6.71,5.47
3984,5.01,6.76,6.59
3985,1.31,5.79,3.84
3986,2.66,5.66,3.2
3987,19.2,13.9,4.93
3988,12.8,12.1,2.86
3989,19.7,12.9,2.77
3990,21,14.1,2.69
3991,20.3,14.4,2.31
3992,17.7,14,1.48
3993,12.2,12.2,1.34
3994,18.2,12.6,2.41
3995,20.4,14.1,2.06
3996,20.7,14.7,1.44
3997,17.5,14.2,0.831
3998,11.4,12.2,0.793
3999,20.9,12.9,3.26
4000,21.9,13.9,4.49
4001,20.9,14.3,4.43
4002,18.3,14,1.01
4003,13.3,12.4,2.14
4004,17.8,13.8,2.69
4005,18.1,14.9,3.36
4006,10.5,12.5,1.1
4007,19,13.5,2.06
4008,18.7,14.6,2.31
4009,14.6,13.3,1.34
4010,21.2,14.9,2.81
4011,20.2,15.5,3.3
4012,13.7,13.4,1.53
4013,12.7,13.1,2.08
4014,18.1,10.3,2.55
4015,11.7,9.54,1.4
4016,15.4,9.16,2.59
4017,16.9,10.3,5.33
4018,15.5,10.8,4.76
4019,7.12,9.78,3.78
4020,2.47,8.71,4.22
4021,1.57,7.43,4.13
4022,6.21,7.65,6.15
4023,0.935,6.74,5.46
4024,5.11,6.67,6.79
4025,1.37,5.81,3.88
4026,2.7,5.66,3.24
4027,18.7,13,3.75
4028,19.6,13.8,4.62
4029,17.3,13.6,3.71
4030,12.3,11.9,2.78
4031,19.5,12.8,2.74
4032,21,14.1,2.7
4033,20.8,14.5,2.62
4034,17.9,14,1.51
4035,12,12.2,1.31
4036,18,12.6,2.36
4037,20.3,14.1,2.05
4038,20.7,14.7,1.45
4039,18.7,14.4,0.793
4040,11.5,12.2,0.793
4041,20.5,12.6,3.11
4042,21.8,13.8,4.37
4043,21,14.3,4.47
4044,18.4,14.1,1.21
4045,13.2,12.4,2.09
4046,17.7,13.7,2.68
4047,18.1,14.9,3.29
4048,10.2,12.5,1.04
4049,18.9,13.4,2.09
4050,19.1,14.7,2.52
4051,14.6,13.3,1.35
4052,21.1,14.6,2.9
4053,20.2,15.5,3.24
4054,13.7,13.5,1.53
4055,12.7,13.1,2.09
4056,18.5,10.1,2.38
4057,17.6,10.4,2.79
4058,11.3,9.48,1.28
4059,15.5,9.18,2.62
4060,16.9,10.3,5.37
4061,15.4,10.8,4.76
4062,7.12,9.78,3.78
4063,2.47,8.71,4.22
4064,1.57,7.43,4.13
4065,6.21,7.65,6.15
4066,0.901,6.73,5.46
4067,5.11,6.67,6.79
4068,1.35,5.8,3.86
4069,2.31,5.63,3.02
4070,18.8,13.8,4.48
4071,12.9,12.1,2.87
4072,19.5,12.8,2.74
4073,21,14.1,2.7
4074,20.4,14.4,2.33
4075,17.9,14,1.51
4076,12.2,12.2,1.35
4077,18.1,12.6,2.39
4078,20.3,14.1,2.05
4079,20.7,14.7,1.45
4080,17.6,14.3,0.813
4081,11.5,12.2,0.793
4082,20.5,12.6,3.11
4083,21.8,13.8,4.37
4084,20.9,14.3,4.45
4085,18.4,14,1.1
4086,13.3,12.4,2.13
4087,17.8,13.8,2.69
4088,18.1,14.9,3.32
4089,10.6,12.5,1.11
4090,19,13.5,2.08
4091,19.1,14.7,2.51
4092,14.6,13.3,1.35
4093,21.1,14.6,2.89
4094,20.2,15.5,3.24
4095,13.7,13.4,1.53
4096,12.7,13.1,2.08
4097,18.5,10.2,2.38
4098,17.6,10.4,2.81
4099,11.2,9.47,1.25
4100,15.9,9.41,3.3
4101,16.9,10.4,5.43
4102,15.4,10.8,4.75
4103,7.07,9.78,3.78
4104,2.47,8.7,4.2
4105,1.56,7.42,4.13
4106,6.24,7.67,6.17
4107,1.02,6.7,5.57
4108,5.01,6.77,6.56
4109,1.31,5.79,3.84
4110,2.66,5.66,3.2
4111,18.7,13.8,4.38
4112,NA,NA,NA
4113,12.8,12.1,2.86
4114,19.8,12.9,2.78
4115,21,14.1,2.69
4116,20.3,14.4,2.31
4117,17.6,14,1.48
4118,12.2,12.2,1.34
4119,18.2,12.7,2.44
4120,20.4,14.2,2.07
4121,20.7,14.7,1.44
4122,17.5,14.2,0.831
4123,11.3,12.2,0.793
4124,20.9,13,3.26
4125,21.9,13.9,4.49
4126,20.9,14.3,4.43
4127,18.3,14,1.01
4128,13.3,12.4,2.14
4129,17.8,13.9,2.69
4130,18.1,14.9,3.36
4131,10.5,12.5,1.08
4132,19.1,13.6,2.05
4133,18.7,14.6,2.31
4134,14.6,13.3,1.34
4135,21.2,14.9,2.81
4136,20.2,15.5,3.3
4137,13.7,13.4,1.53
4138,12.6,13.1,2.08
4139,18.3,9.82,2.32
4140,17.6,10.4,2.79
4141,11.3,9.48,1.28
4142,15.5,9.18,2.62
4143,16.9,10.3,5.4
4144,15.4,10.8,4.76
4145,7.12,9.78,3.78
4146,2.47,8.71,4.22
4147,1.57,7.43,4.13
4148,6.21,7.65,6.15
4149,0.901,6.73,5.46
4150,5.11,6.67,6.79
4151,1.35,5.8,3.86
4152,2.68,5.66,3.22
4153,19.1,13.9,4.95
4154,12.9,12.1,2.87
4155,19.5,12.8,2.74
4156,21,14.1,2.7
4157,20.4,14.4,2.33
4158,17.8,14,1.49
4159,12.2,12.2,1.35
4160,18.1,12.6,2.39
4161,20.3,14.1,2.05
4162,20.7,14.7,1.45
4163,17.6,14.3,0.813
4164,11.4,12.2,0.793
4165,20.5,12.6,3.11
4166,21.9,13.8,4.41
4167,20.9,14.3,4.45
4168,18.4,14,1.1
4169,13.3,12.4,2.13
4170,17.8,13.8,2.69
4171,18.1,14.9,3.32
4172,10.5,12.5,1.1
4173,19,13.5,2.08
4174,19.1,14.7,2.51
4175,14.6,13.3,1.35
4176,21.2,14.6,2.88
4177,20.2,15.5,3.24
4178,13.7,13.4,1.53
4179,12.7,13.1,2.08
4180,17.6,10.4,2.79
4181,11.2,9.47,1.25
4182,15.8,9.39,3.27
4183,16.9,10.4,5.42
4184,15.4,10.8,4.75
4185,7.07,9.78,3.78
4186,2.47,8.7,4.2
4187,1.56,7.42,4.13
4188,6.24,7.67,6.17
4189,0.834,6.71,5.47
4190,5.12,6.68,6.76
4191,1.33,5.79,3.85
4192,2.66,5.66,3.2
4193,18.8,13,3.78
4194,19.6,13.9,4.69
4195,17.2,13.6,3.67
4196,12.3,11.9,2.79
4197,19.6,12.9,2.75
4198,21,14.1,2.69
4199,20.3,14.4,2.31
4200,17.7,14,1.48
4201,12.2,12.2,1.34
4202,18.2,12.6,2.41
4203,20.4,14.1,2.06
4204,20.7,14.7,1.45
4205,17.5,14.2,0.831
4206,11.4,12.2,0.793
4207,20.9,12.9,3.26
4208,21.9,13.8,4.45
4209,20.9,14.3,4.43
4210,18.3,14,1.01
4211,13.3,12.4,2.14
4212,17.8,13.8,2.69
4213,18.1,14.9,3.36
4214,10.5,12.5,1.1
4215,19,13.5,2.06
4216,18.7,14.6,2.31
4217,14.6,13.3,1.34
4218,21.2,14.7,2.87
4219,20.2,15.5,3.28
4220,13.7,13.4,1.53
4221,12.7,13.1,2.08
4222,18.5,10.1,2.36
4223,17.6,10.4,2.81
4224,11.3,9.48,1.27
4225,15.5,9.2,2.64
4226,16.9,10.3,5.4
4227,15.5,10.8,4.75
4228,7.07,9.78,3.78
4229,2.47,8.7,4.2
4230,1.57,7.43,4.13
4231,6.24,7.67,6.17
4232,0.834,6.71,5.47
4233,5.12,6.68,6.76
4234,1.33,5.79,3.85
4235,2.66,5.66,3.2
4236,18.8,13.8,4.59
4237,12.8,12.1,2.86
4238,19.6,12.9,2.75
4239,21,14.1,2.7
4240,20.4,14.4,2.33
4241,17.7,14,1.48
4242,12.2,12.2,1.35
4243,18.2,12.6,2.41
4244,20.3,14.1,2.05
4245,20.7,14.7,1.45
4246,17.6,14.3,0.813
4247,11.4,12.2,0.793
4248,20.9,12.9,3.27
4249,21.9,13.8,4.45
4250,20.9,14.3,4.43
4251,18.3,14,1.01
4252,13.3,12.4,2.13
4253,17.8,13.8,2.69
4254,18.1,14.9,3.32
4255,10.5,12.5,1.1
4256,19,13.5,2.06
4257,19.1,14.7,2.51
4258,14.6,13.3,1.34
4259,21.2,14.7,2.87
4260,20.2,15.5,3.28
4261,13.7,13.4,1.53
4262,12.7,13.1,2.08
4263,18.5,10.2,2.35
4264,17.6,10.4,2.79
4265,11.3,9.48,1.28
4266,15.5,9.18,2.62
4267,16.9,10.3,5.37
4268,15.4,10.8,4.76
4269,7.12,9.78,3.78
4270,2.47,8.71,4.22
4271,1.57,7.43,4.13
4272,6.21,7.65,6.15
4273,0.901,6.73,5.46
4274,5.11,6.67,6.79
4275,1.35,5.8,3.86
4276,2.7,5.66,3.24
4277,18.8,13.8,4.48
4278,12.9,12.1,2.87
4279,19.5,12.8,2.74
4280,21,14.1,2.7
4281,20.4,14.4,2.33
4282,17.8,14,1.49
4283,12.2,12.2,1.35
4284,18.1,12.6,2.39
4285,20.3,14.1,2.05
4286,20.7,14.7,1.45
4287,17.6,14.3,0.813
4288,11.4,12.2,0.793
4289,20.5,12.6,3.11
4290,21.8,13.8,4.37
4291,20.9,14.3,4.45
4292,18.4,14,1.1
4293,13.3,12.4,2.13
4294,17.8,13.8,2.69
4295,18.1,14.9,3.32
4296,10.6,12.5,1.11
4297,19,13.5,2.08
4298,19.1,14.7,2.51
4299,14.6,13.3,1.35
4300,21.1,14.6,2.89
4301,20.2,15.5,3.24
4302,13.7,13.4,1.53
4303,12.7,13.1,2.08
