doy,time,time.since.app,x,soil.temp,air.temp,rad,rh,cum.rad
132,930,,132.3875,14.98533333,13.93,0.31,76.9,0.558
132,1000,,132.4166667,15.93333333,14.25,0.455,71.5,1.377
132,1030,0,132.4291667,17.908,15.34,0.625,66.07,2.502
132,1100,0.5,132.4583333,18.64266667,15.83,0.623,60.88,3.6234
132,1130,1,132.4708333,19.33266667,16.36,0.768,55.92,5.0058
132,1200,1.5,132.5,19.94466667,17.1,0.799,53.12,6.444
132,1230,2,132.5125,20.23,17.58,0.823,47.91,7.9254
132,1300,2.5,132.5416667,20.31066667,17.96,0.834,39.92,9.4266
132,1330,3,132.5541667,20.628,18.2,0.832,36.43,10.9242
132,1400,3.5,132.5833333,20.64066667,18.36,0.823,35.01,12.4056
132,1430,4,132.5958333,20.488,18.82,0.807,31.71,13.8582
132,1500,4.5,132.625,20.33933333,18.95,0.751,29.13,15.21
132,1530,5,132.6375,19.77666667,18.83,0.691,29.3,16.4538
132,1600,5.5,132.6666667,19.384,18.72,0.631,29.43,17.5896
132,1630,6,132.6791667,18.91,18.66,0.579,28.21,18.6318
132,1700,6.5,132.7083333,18.50733333,18.52,0.503,28.72,19.5372
132,1730,7,132.7208333,17.996,18.37,0.413,28.95,20.2806
132,1800,7.5,132.75,17.268,18.15,0.375,28.61,20.9556
132,1830,8,132.7625,16.53533333,17.59,0.287,29.08,21.4722
132,1900,8.5,132.7916667,15.662,17.08,0.189,29.44,21.8124
132,1930,9,132.8041667,14.732,16.22,0.115,31.52,22.0194
132,2000,9.5,132.8333333,13.43,14.23,0.033,36.37,22.0788
132,2030,10,132.8458333,12.12933333,12.75,0,39.05,22.0788
132,2100,10.5,132.875,11.09266667,11.56,0,41.62,22.0788
132,2130,11,132.8875,10.01533333,9.72,0,52.81,22.0788
132,2200,11.5,132.9166667,9.222666667,7.65,0,66.05,22.0788
132,2230,12,132.9291667,8.579333333,6.525,0,74.2,22.0788
132,2300,12.5,132.9583333,8.069333333,5.891,0,77.3,22.0788
132,2330,13,132.9708333,7.6194,6.496,0,69.17,22.0788
133,0,13.5,133,7.1552,5.574,0,76.5,22.0788
133,30,14,133.0125,6.745666667,4.853,0,80.1,22.0788
133,100,14.5,133.0416667,6.448666667,4.308,0,85.7,22.0788
133,130,15,133.0541667,6.067466667,3.972,0,85.6,22.0788
133,200,15.5,133.0833333,5.787066667,3.959,0,85,22.0788
133,230,16,133.0958333,5.540133333,3.894,0,85.3,22.0788
133,300,16.5,133.125,5.401266667,4.007,0,85,22.0788
133,330,17,133.1375,5.078866667,3.29,0,87.8,22.0788
133,400,17.5,133.1666667,4.774533333,2.749,0,90.7,22.0788
133,430,18,133.1791667,4.545733333,2.601,0,90.1,22.0788
133,500,18.5,133.2083333,4.316933333,2.44,0,90.9,22.0788
133,530,19,133.2208333,4.2328,2.54,0,91.1,22.0788
133,600,19.5,133.25,4.3302,2.841,0.025,89.5,22.1238
133,630,20,133.2625,4.822533333,4.255,0.075,84.4,22.2588
133,700,20.5,133.2916667,5.786066667,6.567,0.147,75.2,22.5234
133,730,21,133.3041667,6.908933333,8.53,0.212,66.03,22.905
133,800,21.5,133.3333333,8.292,10.3,0.297,59.78,23.4396
133,830,22,133.3458333,10.39266667,12.3,0.366,46.57,24.0984
133,900,22.5,133.375,11.724,12.84,0.38,42.01,24.7824
133,930,23,133.3875,12.68466667,13.59,0.435,40.17,25.5654
133,1000,23.5,133.4166667,14.10866667,14.6,0.602,32.71,26.649
133,1030,24,133.4291667,15.27533333,16.57,0.641,31.31,27.8028
133,1100,24.5,133.4583333,16.49333333,16.95,0.68,29.65,29.0268
133,1130,25,133.4708333,17.11333333,17.72,0.717,28.89,30.3174
133,1200,25.5,133.5,18.446,18.04,0.758,27.53,31.6818
133,1230,26,133.5125,19.538,18.65,0.73,26.98,32.9958
133,1300,26.5,133.5416667,19.726,18.84,0.671,27.04,34.2036
133,1330,27,133.5541667,21.53533333,20.76,0.91,25.09,35.8416
133,1400,27.5,133.5833333,22.734,21.31,0.797,24.65,37.2762
133,1430,28,133.5958333,21.12466667,20.21,0.487,26.19,38.1528
133,1500,28.5,133.625,19.95733333,19.55,0.362,26.31,38.8044
133,1530,29,133.6375,17.96866667,18.13,0.208,31.82,39.1788
133,1600,29.5,133.6666667,16.70666667,17.3,0.256,33.38,39.6396
133,1630,30,133.6791667,16.31733333,17.24,0.203,33.59,40.005
133,1700,30.5,133.7083333,15.61133333,16.6,0.205,41.8,40.374
133,1730,31,133.7208333,15,14.95,0.214,49.23,40.7592
133,1800,31.5,133.75,13.51733333,12.36,0.089,51.22,40.9194
133,1830,32,133.7625,12.14466667,11.26,0.02,51.33,40.9554
133,1900,32.5,133.7916667,11.162,10.55,0,52.22,40.9554
133,1930,33,133.8041667,10.57466667,10.43,0,49.99,40.9554
133,2000,33.5,133.8333333,10.13266667,10.31,0,49.63,40.9554
133,2030,34,133.8458333,9.772,10.18,0,48.78,40.9554
133,2100,34.5,133.875,9.429333333,9.8,0,52.32,40.9554
133,2130,35,133.8875,8.987333333,8.66,0,63.58,40.9554
133,2200,35.5,133.9166667,8.704666667,8.43,0,63.3,40.9554
133,2230,36,133.9291667,8.505333333,8.46,0,62.07,40.9554
133,2300,36.5,133.9583333,8.366666667,8.67,0,57.42,40.9554
133,2330,37,133.9708333,8.014,8.47,0,47.46,40.9554
134,0,37.5,134,7.659333333,8.19,0,44.49,40.9554
134,30,38,134.0125,7.436666667,8.02,0,47.3,40.9554
134,100,38.5,134.0416667,7.261733333,7.89,0,46.29,40.9554
134,130,39,134.0541667,7.088266667,7.81,0,44.74,40.9554
134,200,39.5,134.0833333,6.949733333,7.74,0,44.28,40.9554
134,230,40,134.0958333,6.844266667,7.7,0,45.03,40.9554
134,300,40.5,134.125,6.770466667,7.7,0,46.07,40.9554
134,330,41,134.1375,6.666066667,7.51,0,47.66,40.9554
134,400,41.5,134.1666667,6.5328,7.34,0,48.02,40.9554
134,430,42,134.1791667,6.4628,7.31,0,48.7,40.9554
134,500,42.5,134.2083333,6.392733333,7.15,0,49.16,40.9554
134,530,43,134.2208333,6.294,6.837,0,53.15,40.9554
134,600,43.5,134.25,6.2314,6.541,0.002,55.52,40.959
134,630,44,134.2625,6.078866667,6.16,0,60.88,40.959
134,700,44.5,134.2916667,5.934133333,5.693,0.004,67.67,40.9662
134,730,45,134.3041667,5.9628,5.454,0.056,74.4,41.067
134,800,45.5,134.3333333,6.106333333,5.113,0.069,83.3,41.1912
134,830,46,134.3458333,6.3022,5.236,0.088,83.9,41.3496
134,900,46.5,134.375,6.266933333,5.169,0.058,85.1,41.454
134,930,47,134.3875,6.4822,5.274,0.129,86,41.6862
134,1000,47.5,134.4166667,7.2504,5.893,0.191,85.2,42.03
134,1030,48,134.4291667,6.825866667,5.273,0.079,86.4,42.1722
134,1100,48.5,134.4583333,6.619733333,5.216,0.105,88.5,42.3612
134,1130,49,134.4708333,7.430533333,6.069,0.202,89.1,42.7248
134,1200,49.5,134.5,7.652666667,6.332,0.142,87.4,42.9804
134,1230,50,134.5125,7.816,6.154,0.18,88.8,43.3044
134,1300,50.5,134.5416667,7.954666667,6.536,0.194,89.1,43.6536
134,1330,51,134.5541667,8.742,7.5,0.3,86.2,44.1936
134,1400,51.5,134.5833333,10.13733333,8.45,0.418,82.3,44.946
134,1430,52,134.5958333,9.858666667,7.84,0.197,81.7,45.3006
134,1500,52.5,134.625,8.746666667,6.768,0.15,85,45.5706
134,1530,53,134.6375,8.819333333,7.01,0.235,84.1,45.9936
134,1600,53.5,134.6666667,8.587878788,7.01,0.122,84.3,46.2132
134,1630,54,134.6791667,7.839242424,6.395,0.03,86.2,46.2672
134,1700,54.5,134.7083333,7.137833333,5.361,0.031,91.4,46.323
134,1730,55,134.7208333,6.860833333,5.456,0.044,91,46.4022
134,1800,55.5,134.75,6.814454545,5.798,0.053,87.5,46.4976
134,1830,56,134.7625,7.092393939,6.259,0.113,84.4,46.701
134,1900,56.5,134.7916667,7.332393939,6.627,0.119,82,46.9152
134,1930,57,134.8041667,6.847863636,6.109,0.014,83.8,46.9404
134,2000,57.5,134.8333333,6.382833333,5.982,0.002,81.4,46.944
134,2030,58,134.8458333,6.064409091,5.854,0,80.7,46.944
134,2100,58.5,134.875,5.849015152,5.71,0,81.6,46.944
134,2130,59,134.8875,5.750893939,5.697,0,83,46.944
134,2200,59.5,134.9166667,5.754151515,5.752,0,84,46.944
134,2230,60,134.9291667,5.669484848,5.633,0,84.4,46.944
134,2300,60.5,134.9583333,5.674787879,5.745,0,84.2,46.944
134,2330,61,134.9708333,5.664848485,5.779,0,84.3,46.944
135,0,61.5,135,5.645363636,5.791,0,83.6,46.944
135,30,62,135.0125,5.594848485,5.687,0,84.7,46.944
135,100,62.5,135.0416667,5.615015152,5.777,0,84.6,46.944
135,130,63,135.0541667,5.667348485,5.867,0,84.9,46.944
135,200,63.5,135.0833333,5.735409091,5.989,0,86,46.944
135,230,64,135.0958333,5.698575758,5.509,0,92.6,46.944
135,300,64.5,135.125,5.684530303,5.31,0,93.7,46.944
135,330,65,135.1375,5.651530303,5.26,0,94,46.944
135,400,65.5,135.1666667,5.663575758,5.338,0,93.5,46.944
135,430,66,135.1791667,5.644893939,5.338,0,93.4,46.944
135,500,66.5,135.2083333,5.645787879,5.404,0,93,46.944
135,530,67,135.2208333,5.638469697,5.469,0,92.6,46.944
135,600,67.5,135.25,5.71780303,5.668,0,92.2,46.944
135,630,68,135.2625,5.938439394,5.748,0.018,92.8,46.9764
135,700,68.5,135.2916667,6.268272727,6.146,0.065,92.8,47.0934
135,730,69,135.3041667,6.804590909,6.854,0.14,92,47.3454
135,800,69.5,135.3333333,7.816666667,8,0.231,89.6,47.7612
135,830,70,135.3458333,9.333333333,9.58,0.367,85.7,48.4218
135,900,70.5,135.375,10.54621212,10.83,0.376,83.9,49.0986
135,930,71,135.3875,12.19666667,12.5,0.492,80.9,49.9842
135,1000,71.5,135.4166667,13.66727273,13.25,0.553,80.4,50.9796
135,1030,72,135.4291667,15.12333333,14.72,0.614,77.6,52.0848
135,1100,72.5,135.4583333,16.10969697,15.92,0.563,75.6,53.0982
135,1130,73,135.4708333,17.24909091,16.48,0.658,75.5,54.2826
135,1200,73.5,135.5,18.33833333,17.57,0.709,72.7,55.5588
135,1230,74,135.5125,19.30818182,18.7,0.732,70.9,56.8764
135,1300,74.5,135.5416667,20.57287879,20.37,0.754,67.11,58.2336
135,1330,75,135.5541667,21.4930303,21.52,0.776,63.06,59.6304
135,1400,75.5,135.5833333,22.50121212,22.35,0.721,62.94,60.9282
135,1430,76,135.5958333,22.45136364,23.47,0.657,61.48,62.1108
135,1500,76.5,135.625,22.54,23.8,0.511,61.55,63.0306
135,1530,77,135.6375,22.33227273,24.72,0.55,61.38,64.0206
135,1600,77.5,135.6666667,22.94075758,25.72,0.56,59.03,65.0286
135,1630,78,135.6791667,23.19924242,26.45,0.474,59.12,65.8818
135,1700,78.5,135.7083333,23.13575758,26.84,0.399,58.08,66.6
135,1730,79,135.7208333,22.9130303,26.97,0.373,58.46,67.2714
135,1800,79.5,135.75,22.52484848,26.55,0.289,60.1,67.7916
135,1830,80,135.7625,21.39424242,24.5,0.177,64.22,68.1102
135,1900,80.5,135.7916667,20.43181818,23.31,0.121,65.77,68.328
135,1930,81,135.8041667,19.20530303,21.23,0.016,69.85,68.3568
135,2000,81.5,135.8333333,17.95424242,19.27,0,71.6,68.3568
135,2030,82,135.8458333,16.74575758,17.04,0,75.7,68.3568
135,2100,82.5,135.875,15.31454545,14.57,0,78.6,68.3568
135,2130,83,135.8875,14.3680303,13.48,0,82,68.3568
135,2200,83.5,135.9166667,13.59666667,12.63,0,82.8,68.3568
135,2230,84,135.9291667,12.94590909,11.87,0,84.2,68.3568
135,2300,84.5,135.9583333,12.42484848,11.3,0,85.6,68.3568
135,2330,85,135.9708333,12.05681818,11.03,0,86.4,68.3568
136,0,85.5,136,11.77333333,10.97,0,86.7,68.3568
136,30,86,136.0125,11.58606061,10.91,0,87.2,68.3568
136,100,86.5,136.0416667,11.49863636,11.01,0,87.6,68.3568
136,130,87,136.0541667,11.36727273,10.69,0,89.3,68.3568
136,200,87.5,136.0833333,11.13484848,10.3,0,91.2,68.3568
136,230,88,136.0958333,10.96378788,10.16,0,91.2,68.3568
136,300,88.5,136.125,10.79,9.95,0,91.8,68.3568
136,330,89,136.1375,10.63833333,10.02,0,92,68.3568
136,400,89.5,136.1666667,10.55348485,10.07,0,91.5,68.3568
136,430,90,136.1791667,10.57166667,10.21,0,91.1,68.3568
136,500,90.5,136.2083333,10.585,10.33,0,91.3,68.3568
136,530,91,136.2208333,10.65060606,10.54,0,90.7,68.3568
136,600,91.5,136.25,11.02439394,11.33,0.009,89.8,68.373
136,630,92,136.2625,12.09651515,13.82,0.051,91.1,68.4648
136,700,92.5,136.2916667,14.64560606,19.72,0.073,78.6,68.5962
136,730,93,136.3041667,15.92969697,20.67,0.099,76,68.7744
136,800,93.5,136.3333333,17.25606061,22.34,0.146,70.9,69.0372
136,830,94,136.3458333,18.01984848,22.78,0.16,70.1,69.3252
136,900,94.5,136.375,18.77818182,22.99,0.205,70,69.6942
136,930,95,136.3875,19.15772727,22.93,0.237,70.8,70.1208
136,1000,95.5,136.4166667,20.18484848,23.45,0.416,69.71,70.8696
136,1030,96,136.4291667,20.86545455,23.67,0.273,68.91,71.361
136,1100,96.5,136.4583333,21.21287879,24.01,0.448,67.53,72.1674
136,1130,97,136.4708333,22.19969697,24.81,0.472,65.05,73.017
136,1200,97.5,136.5,22.39348485,24.89,0.401,63.8,73.7388
136,1230,98,136.5125,21.46893939,24.08,0.191,65.22,74.0826
136,1300,98.5,136.5416667,19.52075758,20.14,0.047,80.8,74.1672
136,1330,99,136.5541667,18.51363636,18.51,0.07,87.7,74.2932
136,1400,99.5,136.5833333,18.78590909,18.97,0.221,88.8,74.691
136,1430,100,136.5958333,20.8530303,21.01,0.426,77.2,75.4578
136,1500,100.5,136.625,21.71651515,21.62,0.53,68.59,76.4118
136,1530,101,136.6375,21.755,21.26,0.446,65.29,77.2146
136,1600,101.5,136.6666667,21.88893939,21.77,0.598,60.63,78.291
136,1630,102,136.6791667,22.02590909,21.93,0.571,57.35,79.3188
136,1700,102.5,136.7083333,21.7130303,21.35,0.479,56.74,80.181
136,1730,103,136.7208333,20.61166667,20.14,0.29,57.84,80.703
136,1800,103.5,136.75,19.36287879,19.25,0.192,58.88,81.0486
136,1830,104,136.7625,18.39090909,18.39,0.119,60.94,81.2628
136,1900,104.5,136.7916667,17.42015152,17.61,0.076,60.33,81.3996
136,1930,105,136.8041667,16.30590909,16.52,0.037,63.28,81.4662
136,2000,105.5,136.8333333,15.30621212,15.25,0.008,64.2,81.4806
136,2030,106,136.8458333,14.45863636,14.28,0,65.62,81.4806
136,2100,106.5,136.875,13.69257576,13.31,0,69.47,81.4806
136,2130,107,136.8875,13.22348485,12.73,0,71.8,81.4806
136,2200,107.5,136.9166667,12.92681818,12.57,0,69.51,81.4806
136,2230,108,136.9291667,12.42757576,12.11,0,67.38,81.4806
136,2300,108.5,136.9583333,11.82575758,11.33,0,71.9,81.4806
136,2330,109,136.9708333,11.22287879,10.95,0,68.28,81.4806
137,0,109.5,137,10.60136364,10.36,0,67.84,81.4806
137,30,110,137.0125,10.14954545,9.95,0,67.71,81.4806
137,100,110.5,137.0416667,9.761515152,9.54,0,68.71,81.4806
137,130,111,137.0541667,9.375454545,9.17,0,69.12,81.4806
137,200,111.5,137.0833333,8.914393939,8.32,0,73,81.4806
137,230,112,137.0958333,8.576515152,7.8,0,76.6,81.4806
137,300,112.5,137.125,8.296818182,7.43,0,78.1,81.4806
137,330,113,137.1375,8.02469697,6.786,0,82,81.4806
137,400,113.5,137.1666667,7.918333333,6.746,0,82.6,81.4806
137,430,114,137.1791667,7.710181818,6.811,0,80.8,81.4806
137,500,114.5,137.2083333,7.480939394,6.798,0,78.1,81.4806
137,530,115,137.2208333,7.28469697,6.785,0,76,81.4806
137,600,115.5,137.25,7.209636364,6.826,0.021,74.6,81.5184
137,630,116,137.2625,7.328984848,7.04,0.082,72.5,81.666
137,700,116.5,137.2916667,7.534242424,7.28,0.099,71.3,81.8442
137,730,117,137.3041667,7.888484848,7.71,0.159,70.7,82.1304
137,800,117.5,137.3333333,9.150151515,9.18,0.337,66.17,82.737
137,830,118,137.3458333,10.00878788,9.77,0.332,64.43,83.3346
137,900,118.5,137.375,11.3269697,10.97,0.498,62.03,84.231
137,930,119,137.3875,12.46121212,11.73,0.573,59.6,85.2624
137,1000,119.5,137.4166667,13.43712121,12.17,0.62,58.36,86.3784
137,1030,120,137.4291667,14.42075758,12.56,0.684,58.44,87.6096
137,1100,120.5,137.4583333,15.28060606,13.2,0.737,57.04,88.9362
137,1130,121,137.4708333,16.09772727,13.82,0.797,55.87,90.3708
137,1200,121.5,137.5,17.09333333,14.15,0.823,56.21,91.8522
137,1230,122,137.5125,17.89166667,14.77,0.837,54.57,93.3588
137,1300,122.5,137.5416667,18.78257576,15.2,0.854,54.48,94.896
137,1330,123,137.5541667,19.67333333,15.37,0.845,52.82,96.417
137,1400,123.5,137.5833333,20.39393939,16.24,0.823,53.14,97.8984
137,1430,124,137.5958333,20.67348485,16.27,0.808,52.27,99.3528
137,1500,124.5,137.625,20.99348485,16.31,0.753,51.59,100.7082
137,1530,125,137.6375,20.58227273,18.03,0.695,46.81,101.9592
137,1600,125.5,137.6666667,20.41818182,18.1,0.634,47.01,103.1004
137,1630,126,137.6791667,20.03060606,17.75,0.581,47.68,104.1462
137,1700,126.5,137.7083333,19.50757576,17.91,0.511,46.78,105.066
137,1730,127,137.7208333,18.79439394,17.44,0.421,47.43,105.8238
137,1800,127.5,137.75,17.91575758,17.05,0.383,47.03,106.5132
137,1830,128,137.7625,16.90969697,16.53,0.299,47.19,107.0514
137,1900,128.5,137.7916667,15.80621212,15.53,0.198,48.35,107.4078
137,1930,129,137.8041667,14.66545455,14.35,0.121,52.89,107.6256
137,2000,129.5,137.8333333,13.37651515,12.35,0.042,58.6,107.7012
137,2030,130,137.8458333,12.11939394,10.49,0,65.94,107.7012
137,2100,130.5,137.875,11.15757576,9.06,0,72.5,107.7012
137,2130,131,137.8875,10.35287879,8.18,0,74,107.7012
137,2200,131.5,137.9166667,9.601666667,7.42,0,74.8,107.7012
137,2230,132,137.9291667,9.001666667,6.56,0,80.2,107.7012
137,2300,132.5,137.9583333,8.422424242,5.809,0,82.8,107.7012
137,2330,133,137.9708333,7.991818182,5.515,0,84.6,107.7012
138,0,133.5,138,7.687590909,5.432,0,85.4,107.7012
138,30,134,138.0125,7.537075758,5.747,0,84.1,107.7012
138,100,134.5,138.0416667,7.2185,5.354,0,85,107.7012
138,130,135,138.0541667,6.921969697,4.884,0,86,107.7012
138,200,135.5,138.0833333,6.447393939,3.787,0,89.9,107.7012
138,230,136,138.0958333,5.98919697,3.139,0,91.8,107.7012
138,300,136.5,138.125,5.667151515,3.149,0,91.9,107.7012
138,330,137,138.1375,5.369181818,2.849,0,92.2,107.7012
138,400,137.5,138.1666667,5.135712121,2.824,0,92.8,107.7012
138,430,138,138.1791667,5.051515152,3.043,0,91.8,107.7012
138,500,138.5,138.2083333,4.891893939,2.987,0,90.1,107.7012
138,530,139,138.2208333,4.825106061,3.271,0,88.2,107.7012
138,600,139.5,138.25,4.936878788,3.619,0.026,87.4,107.748
138,630,140,138.2625,5.730227273,5.582,0.117,78.5,107.9586
138,700,140.5,138.2916667,6.833969697,7.14,0.152,73.7,108.2322
138,730,141,138.3041667,7.872439394,8.55,0.27,68.84,108.7182
138,800,141.5,138.3333333,9.424090909,9.77,0.345,65.32,109.3392
138,830,142,138.3458333,11.60318182,11.18,0.404,60.9,110.0664
138,900,142.5,138.375,13.21909091,12.43,0.482,57.2,110.934
138,930,143,138.3875,15.02606061,13.67,0.547,53,111.9186
138,1000,143.5,138.4166667,16.33106061,14.76,0.594,48.26,112.9878
138,1030,144,138.4291667,17.12424242,15.64,0.497,44.65,113.8824
138,1100,144.5,138.4583333,18.39212121,16.49,0.696,43.15,115.1352
138,1130,145,138.4708333,19.95924242,17.56,0.776,41.94,116.532
138,1200,145.5,138.5,21.20712121,18.47,0.781,39.95,117.9378
138,1230,146,138.5125,21.88045455,19.56,0.804,37.13,119.385
138,1300,146.5,138.5416667,22.8219697,19.91,0.823,36.53,120.8664
138,1330,147,138.5541667,23.27378788,21.08,0.783,34.98,122.2758
138,1400,147.5,138.5833333,23.44606061,21.22,0.779,33.38,123.678
138,1430,148,138.5958333,23.92575758,22.17,0.732,32.83,124.9956
138,1500,148.5,138.625,23.1519697,21.92,0.59,33.16,126.0576
138,1530,149,138.6375,23.07424242,22.37,0.562,31.12,127.0692
138,1600,149.5,138.6666667,23.52,23.01,0.647,29.74,128.2338
138,1630,150,138.6791667,23.67348485,23.17,0.547,29.14,129.2184
138,1700,150.5,138.7083333,23.13727273,23.62,0.487,28.57,130.095
138,1730,151,138.7208333,22.855,23.73,0.416,28.41,130.8438
138,1800,151.5,138.75,22.08712121,23.22,0.361,31.78,131.4936
138,1830,152,138.7625,21.25939394,23.07,0.265,34.01,131.9706
138,1900,152.5,138.7916667,20.43621212,22.87,0.178,33.19,132.291
138,1930,153,138.8041667,19.1430303,20.86,0.078,34.3,132.4314
138,2000,153.5,138.8333333,17.77045455,18.88,0.037,43.32,132.498
138,2030,154,138.8458333,16.41818182,16.45,0,52.92,132.498
138,2100,154.5,138.875,15.45818182,14.9,0,58.54,132.498
138,2130,155,138.8875,14.76939394,14.52,0,56.8,132.498
138,2200,155.5,138.9166667,13.92333333,12.94,0,65.07,132.498
138,2230,156,138.9291667,13.42712121,13.14,0,62.15,132.498
138,2300,156.5,138.9583333,12.71136364,12.01,0,67.05,132.498
138,2330,157,138.9708333,12.36924242,12.31,0,65.61,132.498
139,0,157.5,139,12.41712121,12.99,0,62.3,132.498
139,30,158,139.0125,12.50287879,13.6,0,59.6,132.498
139,100,158.5,139.0416667,12.36242424,13.15,0,63.69,132.498
139,130,159,139.0541667,12.46272727,13.63,0,64.79,132.498
139,200,159.5,139.0833333,12.58257576,13.87,0,66.1,132.498
139,230,160,139.0958333,12.80045455,14.31,0,66.82,132.498
139,300,160.5,139.125,13.15378788,15.26,0,65.67,132.498
139,330,161,139.1375,13.53757576,16.25,0,63.21,132.498
139,400,161.5,139.1666667,13.75257576,16.47,0,64.31,132.498
139,430,162,139.1791667,13.89575758,16.52,0,66.16,132.498
139,500,162.5,139.2083333,14.02212121,16.58,0,68.18,132.498
139,530,163,139.2208333,14.29106061,17.19,0,68.27,132.498
139,600,163.5,139.25,14.58212121,17.34,0.047,69.48,132.5826
139,630,164,139.2625,15.26590909,18.04,0.089,68.78,132.7428
139,700,164.5,139.2916667,15.41848485,18,0.038,70.2,132.8112
139,730,165,139.3041667,15.57090909,18.05,0.062,71.5,132.9228
139,800,165.5,139.3333333,16.18272727,18.6,0.112,71.2,133.1244
139,830,166,139.3458333,16.49075758,18.66,0.114,74.5,133.3296
139,900,166.5,139.375,16.96560606,19,0.122,74.8,133.5492
139,930,167,139.3875,17.23863636,19.53,0.117,72.4,133.7598
139,1000,167.5,139.4166667,17.94318182,20.45,0.177,70.2,134.0784
139,1030,168,139.4291667,18.08242424,20.73,0.089,69.95,134.2386
139,1100,168.5,139.4583333,18.46636364,20.36,0.259,74.9,134.7048
139,1130,169,139.4708333,19.65121212,21.17,0.273,72.4,135.1962
139,1200,169.5,139.5,20.02212121,21.41,0.329,71.4,135.7884
139,1230,170,139.5125,20.54651515,21.6,0.33,70.6,136.3824
139,1300,170.5,139.5416667,20.32772727,21.62,0.148,68.06,136.6488
139,1330,171,139.5541667,20.13893939,21.63,0.224,67.95,137.052
139,1400,171.5,139.5833333,19.57318182,20.11,0.203,80.5,137.4174
139,1430,172,139.5958333,20.38257576,20.99,0.279,77.5,137.9196
139,1500,172.5,139.625,19.71575758,20.5,0.074,78.5,138.0528
139,1530,173,139.6375,18.69106061,19.27,0.018,84.4,138.0852
139,1600,173.5,139.6666667,17.48181818,16.46,0.079,92.7,138.2274
139,1630,174,139.6791667,18.16015152,16.53,0.249,92.2,138.6756
139,1700,174.5,139.7083333,17.73757576,16.31,0.13,92.1,138.9096
139,1730,175,139.7208333,17.34409091,16.35,0.073,92.1,139.041
139,1800,175.5,139.75,17.21939394,16.81,0.14,90.6,139.293
139,1830,176,139.7625,17.00015152,16.64,0.034,89,139.3542
139,1900,176.5,139.7916667,16.61621212,16.5,0.058,89.4,139.4586
139,1930,177,139.8041667,15.9830303,16.52,0.063,88.7,139.572
139,2000,177.5,139.8333333,15.94075758,16.38,0.039,88.6,139.6422
139,2030,178,139.8458333,15.57560606,15.74,0,89.5,139.6422
139,2100,178.5,139.875,14.96863636,14.74,0,88.1,139.6422
139,2130,179,139.8875,14.35636364,13.74,0,87.6,139.6422
139,2200,179.5,139.9166667,13.80636364,13.06,0,82.4,139.6422
139,2230,180,139.9291667,13.02272727,12,0,83.7,139.6422
139,2300,180.5,139.9583333,12.56818182,11.52,0,88,139.6422
139,2330,181,139.9708333,12.43909091,11.67,0,87.7,139.6422
140,0,181.5,140,12.32469697,11.65,0,84.1,139.6422
140,30,182,140.0125,11.99530303,11.32,0,79.1,139.6422
140,100,182.5,140.0416667,11.63393939,10.9,0,78.6,139.6422
140,130,183,140.0541667,10.95621212,9.62,0,82.8,139.6422
140,200,183.5,140.0833333,10.39227273,8.72,0,85.5,139.6422
140,230,184,140.0958333,9.837727273,8.35,0,85.5,139.6422
140,300,184.5,140.125,9.301363636,7.77,0,87,139.6422
140,330,185,140.1375,8.981818182,7.57,0,87.9,139.6422
140,400,185.5,140.1666667,8.638333333,7.03,0,90.1,139.6422
140,430,186,140.1791667,8.326060606,6.774,0,91.3,139.6422
140,500,186.5,140.2083333,8.024545455,6.308,0,92.4,139.6422
140,530,187,140.2208333,7.760212121,5.992,0,93,139.6422
140,600,187.5,140.25,7.741969697,6.311,0.037,92.1,139.7088
140,630,188,140.2625,8.128939394,7.17,0.138,88.8,139.9572
140,700,188.5,140.2916667,8.734242424,8.29,0.158,85.1,140.2416
140,730,189,140.3041667,9.557121212,9.32,0.294,82.8,140.7708
140,800,189.5,140.3333333,11.53,10.55,0.374,77.7,141.444
140,830,190,140.3458333,13.91075758,11.87,0.41,70.4,142.182
140,900,190.5,140.375,15.61272727,12.98,0.493,63.03,143.0694
140,930,191,140.3875,16.898,14.13,0.573,58.57,144.1008
140,1000,191.5,140.4166667,18.35666667,15.07,0.621,53.57,145.2186
140,1030,192,140.4291667,19.53733333,15.79,0.683,48.67,146.448
140,1100,192.5,140.4583333,20.82333333,16.69,0.732,48.46,147.7656
140,1130,193,140.4708333,21.97266667,17.36,0.794,44.14,149.1948
140,1200,193.5,140.5,22.76066667,17.91,0.823,45.59,150.6762
140,1230,194,140.5125,23.36733333,18.41,0.836,44.33,152.181
140,1300,194.5,140.5416667,23.68466667,18.84,0.852,44.35,153.7146
140,1330,195,140.5541667,23.48266667,18.99,0.76,43.22,155.0826
140,1400,195.5,140.5833333,23.68466667,19.49,0.819,40.3,156.5568
140,1430,196,140.5958333,22.938,19.4,0.659,38.57,157.743
140,1500,196.5,140.625,23.15266667,20.29,0.753,36.51,159.0984
140,1530,197,140.6375,23.31333333,20.73,0.704,34.72,160.3656
140,1600,197.5,140.6666667,22.946,20.81,0.65,34.3,161.5356
140,1630,198,140.6791667,22.25533333,20.73,0.486,34.69,162.4104
140,1700,198.5,140.7083333,22.378,21.34,0.514,33.67,163.3356
140,1730,199,140.7208333,21.99866667,21.45,0.424,32.5,164.0988
140,1800,199.5,140.75,22.00333333,21.37,0.383,32.87,164.7882
140,1830,200,140.7625,20.41533333,20.9,0.297,32.31,165.3228
140,1900,200.5,140.7916667,19.61933333,20.65,0.197,34.16,165.6774
140,1930,201,140.8041667,19.29924242,19.94,0.127,35.1,165.906
140,2000,201.5,140.8333333,18.06727273,18.72,0.054,40.01,166.0032
140,2030,202,140.8458333,16.70378788,16.18,0,49.33,166.0032
140,2100,202.5,140.875,15.6230303,13.54,0,60.54,166.0032
140,2130,203,140.8875,14.77984848,12.04,0,67.49,166.0032
140,2200,203.5,140.9166667,14.10530303,11.85,0,66.97,166.0032
140,2230,204,140.9291667,13.61136364,11.72,0,69.23,166.0032
140,2300,204.5,140.9583333,13.16045455,11.53,0,71.2,166.0032
140,2330,205,140.9708333,12.84954545,12.04,0,67.79,166.0032
141,0,205.5,141,12.4930303,11.82,0,68.05,166.0032
141,30,206,141.0125,11.9069697,9.71,0,77.6,166.0032
141,100,206.5,141.0416667,11.39469697,8.18,0,85,166.0032
141,130,207,141.0541667,10.93666667,7.62,0,87.9,166.0032
141,200,207.5,141.0833333,10.49227273,6.928,0,90.4,166.0032
141,230,208,141.0958333,10.11393939,6.541,0,91.2,166.0032
141,300,208.5,141.125,9.718333333,5.855,0,92.5,166.0032
141,330,209,141.1375,9.363787879,5.477,0,93.2,166.0032
141,400,209.5,141.1666667,9.100424242,5.339,0,93.4,166.0032
141,430,210,141.1791667,8.965,5.783,0,93.9,166.0032
141,500,210.5,141.2083333,8.811363636,6.237,0,91.5,166.0032
141,530,211,141.2208333,8.563151515,5.698,0,92,166.0032
141,600,211.5,141.25,8.635075758,6.168,0.04,92.7,166.0752
141,630,212,141.2625,9.497878788,8.98,0.127,83.4,166.3038
141,700,212.5,141.2916667,10.56575758,11.9,0.16,73.2,166.5918
141,730,213,141.3041667,11.61787879,13.74,0.283,66.52,167.1012
141,800,213.5,141.3333333,13.83833333,15.65,0.37,60.88,167.7672
141,830,,141.3458333,15.71533333,17.25,0.407,56.28,168.4998
141,900,,141.375,17.21866667,18.46,0.484,52.62,169.371
141,930,,141.3875,20.432,19.81,0.561,46.75,170.3808
141,1000,,141.4166667,22.732,21.08,0.63,42.73,171.5148
141,1030,,141.4291667,23.76933333,21.5,0.614,39.41,172.62
141,1100,,141.4583333,24.312,21.89,0.58,39.39,173.664
141,1130,,141.4708333,26.364,22.84,0.769,36.96,175.0482
141,1200,,141.5,27.44866667,23.32,0.718,33.42,176.3406
141,1230,,141.5125,26.96733333,23.1,0.636,31.95,177.4854
141,1300,,141.5416667,27.36266667,23.37,0.673,31.04,178.6968
141,1330,,141.5541667,28.24733333,24.17,0.702,31.2,179.9604
141,1400,,141.5833333,27.606,23.88,0.535,27.85,180.9234
141,1430,,141.5958333,25.61733333,22.85,0.361,30.77,181.5732
141,1500,,141.625,24.00533333,22.32,0.293,32.29,182.1006
141,1530,,141.6375,22.81466667,21.78,0.203,33.46,182.466
141,1600,,141.6666667,22.22333333,21.72,0.193,34.56,182.8134
141,1630,,141.6791667,21.53533333,21.49,0.168,35.05,183.1158
141,1700,,141.7083333,20.65266667,21.01,0.108,34.07,183.3102
141,1730,,141.7208333,20.02,20.86,0.104,34.23,183.4974
141,1800,,141.75,19.58866667,20.54,0.093,37.57,183.6648
141,1830,,141.7625,19.11066667,20.16,0.059,39.71,183.771
141,1900,,141.7916667,18.42133333,19.76,0.028,40.66,183.8214
141,1930,,141.8041667,17.73466667,19.51,0,43.18,183.8214
141,2000,,141.8333333,16.74266667,18.16,0,50.46,183.8214
141,2030,,141.8458333,16.14733333,16.59,0,64.41,183.8214
141,2100,,141.875,15.852,15.88,0,69.29,183.8214
141,2130,,141.8875,15.62333333,15.57,0,71.6,183.8214
141,2200,,141.9166667,15.42866667,15.5,0,71.7,183.8214
141,2230,,141.9291667,15.294,15.51,0,71.5,183.8214
141,2300,,141.9583333,15.214,15.91,0,68.41,183.8214
141,2330,,141.9708333,15.12066667,16.02,0,68.49,183.8214
142,0,,142,15.01266667,15.91,0,69.98,183.8214
142,30,,142.0125,14.86933333,15.63,0,73.2,183.8214
142,100,,142.0416667,14.56266667,14.09,0,87.8,183.8214
142,130,,142.0541667,14.49,14.27,0,86.3,183.8214
142,200,,142.0833333,14.45533333,14.4,0,85.7,183.8214
142,230,,142.0958333,14.362,14.15,0,89.4,183.8214
142,300,,142.125,14.31866667,14.14,0,90.3,183.8214
142,330,,142.1375,14.24866667,14.01,0,91.5,183.8214
142,400,,142.1666667,14.09333333,13.82,0,92.3,183.8214
142,430,,142.1791667,13.75,13.42,0,92.2,183.8214
142,500,,142.2083333,13.41733333,13,0,91.6,183.8214
142,530,,142.2208333,13.14333333,12.53,0,91.9,183.8214
142,600,,142.25,13.062,12.25,0.036,92.6,183.8862
142,630,,142.2625,13.494,13.12,0.127,87.1,184.1148
142,700,,142.2916667,14.208,14.16,0.157,80.9,184.3974
142,730,,142.3041667,14.642,14.48,0.295,76.1,184.9284
142,800,,142.3333333,15.66,14.33,0.376,72.1,185.6052
142,830,,142.3458333,16.674,14.22,0.421,68.52,186.363
142,900,,142.375,16.79866667,13.32,0.431,66.98,187.1388
142,930,,142.3875,17.38866667,13,0.59,65.35,188.2008
142,1000,,142.4166667,17.58928571,12.73,0.643,58.22,189.3582
