19/06/2001 11:48,19/06/2001 12:18
19/06/2001 12:18,19/06/2001 12:47
19/06/2001 12:47,19/06/2001 13:17
19/06/2001 13:17,19/06/2001 13:48
19/06/2001 13:48,19/06/2001 14:32
19/06/2001 14:32,19/06/2001 16:26
19/06/2001 16:26,19/06/2001 19:34
19/06/2001 19:34,20/06/2001 01:48
20/06/2001 01:48,20/06/2001 09:39
20/06/2001 09:39,20/06/2001 15:05
20/06/2001 15:05,21/06/2001 00:11
21/06/2001 00:11,21/06/2001 10:03
21/06/2001 10:03,21/06/2001 15:32
21/06/2001 15:32,22/06/2001 01:37
22/06/2001 01:37,25/06/2001 11:26
25/06/2001 11:26,27/06/2001 08:04